id,manufacturer,carName,className,carType,drive,category,shareCode,power,weight,lateralG,concept,summary,tuneNotes,updatedAt,testTrackATime,testTrackBTime,testTrackCTime
fd3s-A700-3,Mazda,RX-7 Type R 1992,A 700,레트로 스포츠카,RWD,온로드,548 301 814,718hp,1121kg,1.6G,원래 레이싱은 목숨걸고 하는 스포츠임/ 타다 죽어도 내 책임 아님 ㅇㅇ,다시 돌아온 4로터 RX-7/ 조금 더 순한 버전 코너링은 이쪽이 좋음/ 튜닝 더 손봄,경량화/ 스트리트 타이어/ 포르자 에어로/ 2.6L 4rotor,2026-08-21,,1:29.807,
thunderbird57-a700,Ford,Thunderbird 1957,A 700,로드 및 커스텀,RWD,온로드,835 467 254,965hp,1276kg,1.7G,아니 누가봐도 미국산 차량인데 영국산 엔진 구겨넣어서 이상하게 좋아졌음,이 차체가 이 정도 민첩성이 나오는 게 그냥 웃음벨 그 자체임 타보면 놀랄 수도 있음,드리프트 타이어 / TVR 세베라 스피드 엔진 7700cc V12,2026-08-21,,1:30.727,
12ccoupe11-S1800,Mclaren,12C Coupé 2011,S1 800,모던 슈퍼카,RWD,온로드,348 793 428,682hp,1159kg,2.1G,엄청 빠르진 않아도 타기 편함,안정적인 서킷용 후륜/ 커미션 받아서 만든 튜닝,경량화/ 랠리 타이어/ 포르자 에어로,2026-08-21,,1:22.802,
griffith18-a700,TVR,Griffith 2018,A 700,모던 스포츠카,RWD,온로드,141 076 383,480hp,1201kg,1.9G,포르자5때도 내려서 탔어서 이번에도 다운그레이드 쳤음,원래 저번에도 이렇게 내려서 탔었는데 이번 시리즈에서는 진짜 좋은데? 진지하게 써먹어 볼만함,오프로드 타이어 / 호라이즌 에어로 / S1에서 다운그레이드,2026-08-20,,1:29.857,
rzrpro21-c500,Polaris,RZR Pro XP Ultimate 2021,C 500,UTV,4WD,페스티벌 시즌 숙제,172 893 091,237hp,875kg,1.4G,시즌 스턴트를 뭘로 깰까 하다가 그냥 얘가 제일 무난해보여서 만듬,시즌 PR 스턴트 올인원 / UTV C500 / 3종 전부 테스트 완료,그냥 더 커진 타이어에 엔진 출력 올리고 근데 기어 달면 왜 PI가 역으로 내려감,2026-08-20,,,
metro86-A700,MG,Metro 6R4 1986,A 700,랠리 몬스터,4WD,혼합,960 169 335,347hp,1022kg,1.9G,진짜 빠른 거 하나 만들어 보고 싶었는데 만들어짐(?),S1 랠리 좋은 거 생겨서 실업자 된 거 A클로 재취업 시켜줬는데 / 리메이크 해서 더 빨라짐 / 원래 그룹B 고증세팅 하려했는데 안되서 그냥 성능으로 만듬,7대3 / 에어로 꽤 많이 먹이고 실험적 LSD 세팅을 적용했음,2026-08-19,,1:32.591,0:55.996
fd3s-A700-2,Mazda,RX-7 Type R 1992,A 700,레트로 스포츠카,RWD,온로드,605 535 398,763hp,1102kg,1.6G,원래 레이싱은 목숨걸고 하는 스포츠임/ 타다 죽어도 내 책임 아님 ㅇㅇ,다시 돌아온 4로터 RX-7/ 이 좁아터진 서킷은 이 차를 감당하지 못한다,경량화/ 일반 타이어/ 포르자 에어로/ 2.6L 4rotor,2026-08-19,,1:31.607,
continental62-c500,Lincoln,Continental 1962,C 500,로드 및 커스텀,RWD,혼합,179 296 450,379hp,1665kg,1.5G,뭔가 평범한 걸 거부하고 싶어서 만진 게 후륜 오프로드 대형세단이라는 기괴한 조합으로 재탄생,7000rpm까지 올릴 수 있는데 5000rpm이 레드라인 / 레드라인에서 변속하는 게 더 빠릅니다,오프로드 타이어 / 후륜 유지 / 랠리 세팅,2026-08-18,,,1:06.402
sagaris05,TVR,Sagaris 2005,A 700,레트로 스포츠카,RWD,온로드,697 767 056,800hp,1195kg,1.7G,아니 이런 엔진도 들어가나 싶어서 일단 제조하고 봄,엔진 하나를 위해 모든 걸 희생한 차,7700cc V12 때려넣기 위해 모든 걸 희생함,2026-08-17,,1:31.606,
rzr21-a700,RJ Anderson,#37 Polaris RZR Pro 4 Truck 2021,A 700,언리미티드 오프로드,4WD,오프로드,346 698 824,878hp,1744kg,1.5G,대체 진짜 경기용 트럭들은 내가 튜닝한 거랑 뭐가 다르지 싶어 궁금증에서 출발한 거,에어로가 없는데도 이 정도 성능을 낸다고? 소리가 나오면서도 에어로가 포르자에서 얼마나 많은 역할을 하는지 시사점을 동시에 주는 차량인데 근데 타임어택 기록은 거짓말을 못함,그냥 기본 차에 경량화만 하고 엔진 출력 약간만 올렸는데도 이 PI에 이 정도 성능을?,2026-08-16,,,0:56.150
exocet18-a700,Exomotive,Exocet Sport V8 XP-5 2018,A 700,트랙 토이,RWD,온로드,111 810 378,233hp,628kg,2.3G,대체 이걸 왜 다운그레이드를 여기까지 끌어내려서 타는 인간이 있는지 모르겠지만 그게 나야 / 근데 생각보다 괜찮은데? 엔진이 좋아서 그런가 싶기도 하고,아니 엔진 바꿨는데 비주얼이 안 바뀌어서 차에서 나면 안될 소리가 남 ㅋㅋㅋㅋㅋ,VVT엔진 / 세미슬릭 / 놀랍게도 기계식 그립으로만 버티는데 그냥 고카트임,2026-08-15,,1:28.031,
carreragt03-S1800-1,Porsche,Carrera GT 2003,S1 800,레트로 슈퍼카,RWD,온로드,171 197 921,809hp,1318kg,1.9G,고속에서 앞쪽 그립은 없고 엑셀 밟으면 뒤쪽이 날아가서 썰매 타는거 같음,순정(purist)튜닝 / 있으나 마나한 다운포스로 스릴 넘치는 주행을 해보세요,순정엔진/ 드리프트 타이어 / 경량화,2026-08-14,,1:23.623,
giuliasprint68-a700,Alfa Romeo,Giulia Sprint GTA Stradale 1965,A 700,희귀 클래식,RWD,온로드,111 994 262,680hp,712kg,1.7G,아니 그냥 얘한테 저거 넣으면 어케될까 싶어서 해봤는데 진짜 손가락 아프네,진짜 인생이 심심하거나 무료해졌을 때 타기 딱 좋음 / 아니면 내가 운전 실력을 더 키우고 싶으면 추천함,구형 포뮬러원 엔진에 드리프트 타이어를 끼웠음,2026-08-14,,1:27.921,
countachlpi800421-S1800,Lamborghini,Countach LPI 800-4 2021,S1 800,하이퍼카,4WD,온로드,479 888 702,841hp,1465kg,1.9G,그래도 에어로 없이 이정도면 상당히 양호한데,순정(purist)튜닝/ Q: 왜 에어로를 달지 않았나요? A: 그냥요,경량화 / 드리프트 타이어,2026-08-13,,1:23.235,
countachlpi800421-S1800-1,Lamborghini,Countach LPI 800-4 2021,S1 800,하이퍼카,4WD,온로드,802 327 992,845hp,1472kg,2.1G,순정 튜닝 기반으로 에어로 추가,포르자 에어로를 단 서킷 튜닝,경량화 / 드리프트 타이어 / 포르자 에어로,2026-08-13,,1:21.904,
rx7gslse85-b600,Mazda,RX-7 GSL-SE 1985,B 600,레트로 스포츠카,RWD,페스티벌 시즌 숙제,672 875 221,690hp,1061kg,1.4G,시즌 숙제 한번에 깨려고 제작한 괴작,시즌 숙제용인데 당신은 분명 이걸 몰면서 차가 너무 그지같다고 불평불만을 할 수도 있는데 이런 거 아니면 못깨요,4로터 구겨넣음,2026-08-13,,,
5tub80-a700,Renault,5 Turbo 1980,A 700,레트로 랠리,RWD,혼합,393 838 729,353hp,923kg,1.6G,그룹B 에서 뛰던 수많은 르노 터보 바리에이션 중에 맥시 터보를 가져옴,그룹B의 전설을 포르자에 들여와서 그 맛을 게임에서 느껴보세요 / 아니 분명히 타막 특화라는데 타막에서 037한테 밀리는데 그래블에서 037 두드려팸 뭐함,에어로 안 올렸고 엔진마력은 고증이고 타이어는 랠리 타이어인데 폭은 타막 세팅 기준,2026-08-12,,1:31.507,1:01.233
manta84-a700,Opel,Manta 400 1984,A 700,랠리 몬스터,RWD,온로드,113 595 666,1059hp,1059kg,1.7G,터보 파워 후륜인데 자연흡기 계열 파워후륜에 비해 어려운 거 같음,원래 그룹B 계열로 만들다가 실패해서 폐기하고 파워후륜 행 / 근데 무게 300kg 차이 이거 생각보다 되돌리기 힘듬,RB계열 터보엔진 / 드리프트 타이어,2026-08-11,,1:30.899,
205tub84-a700,Peugeot,205 Turbo 16 1984,A 700,레트로 랠리,4WD,혼합,655 153 392,378hp,1019kg,1.6G,그룹B 에서 뛰던 그 신흥강자 푸조 터보를 재현,그룹B의 전설을 포르자에 들여와서 그 맛을 게임에서 느껴보세요 / 얘는 어쩌다가 다크호스가 되었는가,에어로 안 올렸고 엔진마력은 고증이고 타이어는 랠리 타이어인데 폭은 타막 세팅 기준,2026-08-10,,1:31.474,1:00.176
155q492-a700-3,Alfa Romeo,155 Q4 1992,A 700,레트로 슈퍼 세단,RWD,온로드,113 764 028,1000hp,1343kg,1.8G,그냥 줄리아 스프린트 보고 다른 파워후륜도 될 거 같아서 해봤는데 하필이면 이게 나옴,아니 이걸 누가 굳이 대체 후륜으로 바꾼다음에 엔진스왑해서 1000마력 박아두고 파워후륜으로 굴리는데 / 그게 나야~ / 의외로 줄리아 스프린트보다 실전성은 훨씬 좋은데 기록은 이쪽이 박살났음,3500cc V12에 후륜 넣고 드리프트 타이어 박았는데,2026-08-09,,1:29.948,
emira23-S1800,Lotus,Emira 2023,S1 800,모던 스포츠카,RWD,온로드,318 841 055,824hp,1188kg,2.0G,순정엔진을 최대한 쥐어짜봄,추중비 0.69kg/hp/ 중후반 가속이 좋음,경량화/ 트윈터보 스왑/ 랠리 타이어/ 포르자 에어로,2026-08-09,,1:22.058,
emira23-S1800-1,Lotus,Emira 2023,S1 800,모던 스포츠카,RWD,온로드,118 311 428,674hp,1151kg,2.1G,하중이동이 빠른 편이라 코너링 도중에 브레이크 밟으면 스핀할 수 있음,트랙 주행의 로터스 / 순정 슈퍼차저 쥐어짜기,경량화/ 세미 슬릭/ 포르자 에어로,2026-08-09,,1:21.946,
quattro83-a700,Audi,Sport Quattro 1983,A 700,레트로 랠리,4WD,혼합,451 637 512,451hp,1117kg,1.6G,그룹B 에서 뛰던 그 초창기 아우디를 재현,그룹B의 전설을 포르자에 들여와서 그 맛을 게임에서 느껴보세요 / 그 당시 왜 오프로드는 4륜이 답이었나,에어로 안 올렸고 엔진마력은 고증이고 타이어는 랠리 타이어인데 폭은 타막 세팅 기준,2026-08-08,,1:32.215,0:59.284
03782-a700,Lancia,037 Stradale 1982,A 700,레트로 랠리,RWD,혼합,420 430 618,303hp,984kg,1.7G,그룹B 에서 뛰던 그 라스트 댄스 란치아를 재현,그룹B에서 마지막 최후의 후륜구동이나 다름 없는 녀석,에어로 안 올렸고 엔진마력은 고증이고 타이어는 랠리 타이어인데 폭은 타막 세팅 기준,2026-08-08,,1:29.895,1:01.719
m3gts10-S1800,BMW,M3 GTS 2010,S1 800,트랙 토이,RWD,온로드,568 037 784,686hp,1263kg,2.0G,토크가 치고 올라오면서 가속하는게 느낌이 좋음,직빨의 BMW/ 얘도 다운포스만 좀 더 나왔으면 좋았을텐데,경량화/ 세미 슬릭/ 4.4L V8-TT 스왑,2026-08-06,,1:23.777,
4c14-a700,Alfa Romeo,4C 2014,A 700,모던 스포츠카,RWD,페스티벌 시즌 숙제,176 374 405,290hp,717kg,2.0G,진짜 타기 쉬운 저점 차를 만들자,시즌 페스티벌 하면서 운전실력이 나날이 퇴화되는 거 같은 유저를 배려하기 위해 만들어짐,오프로드 타이어에 3기통 엔진 스왑,2026-08-06,,1:30.455,
huracan14-s1800,Lamborghini,Huracan LP 610-4 2014,S1 800,모던 슈퍼카,4WD,페스티벌 시즌 숙제,165 438 147,1220hp,1603kg,1.2G,그냥 드래그 원툴하려고 만듬,페스티벌 키로미터 15초,드래그 타이어에 레부엘토 엔진스왑,2026-08-06,,,
rangerover15-a700,Lang Rover,Range Rover Sport SVR 2015,A 700,스포츠 유틸리티 영웅,4WD,페스티벌 시즌 숙제,977 968 329,697hp,1771kg,1.5G,사실 쟁여두고 잊었던 재고분인데 까먹었음,A700 스포츠 유틸리티 영웅,그냥 누가봐도 오프로드 달리게 생김,2026-08-06,,,
manx71-b600,Meyers,Manx 1971,B 600,버기,4WD,페스티벌 시즌 숙제,177 889 057,215hp,535kg,1.5G,시즌 숙제로 시작했는데 사실 이게 본체가 아님,전기 버기 했으니까 원본도 해봤는데 난 이게 더 좋아보이는데,오프로드 타이어 / 하이캠 / 터보까지!,2026-08-06,,,
portofino18-S1800-1,Ferrari,Portofino 2018,S1 800,슈퍼 GT,RWD,페스티벌 시즌 숙제,601 265 459,1115hp,1343kg,2.0G,고속도로 스피드존  튜닝,시즌 스턴트 스피드 존  ,레이싱 V12 스왑,2026-08-06,,,
f12tdf15-S1800,Ferrari,F12tdf 2015,S1 800,슈퍼 GT,4WD,페스티벌 시즌 숙제,124 155 982,769hp,1312kg,1.9G,오프로드 4륜 드리프트,시즌 스턴트 드리프트,사륜스왑/ 오프로드 타이어,2026-08-06,,,
corrado95-b600,Volkswagen,Corrado VR6 1995,B 600,레트로 핫 해치,FWD,온로드,115 819 310,291hp,1041kg,1.7G,뭔가 엄청난 힙스터픽이 될 거 같아서 만져봤는데 마치 치즈 가는 기계에다가 바퀴 달아놓은 거 같음,난 항상 VR6 엔진에 로망이 있었어,드리프트 타이어를 끼우고 뭔가 뒤를 날라가게 만들었는데 겨울이라 그런가,2026-08-05,,1:37.939,
civictyper18-A700,Honda,Civic Type R 2018,A 700,슈퍼 핫 해치,FWD,온로드,177 629 386,384hp,1123kg,1.8G,타기 편한 전륜차,스테로이드 맞은 시빅,경향화/ 드리프트 타이어/ 전방 에어로/ 안티랙 터보,2026-08-05,,1:30.660,
civictyper07-B600,Honda,Civic Type R 2007,B 600,핫 해치,FWD,온로드,660 060 277,270hp,1070kg,1.6G,코너에서 액셀을 밟으면 차가 잘 돌아감, 순정(purist)튜닝/ 인데 휠은 바꿈,경량화/ 스포츠 타이어,2026-08-05,,1:39.494,
m4gts16-S1800,BMW,M4 GTS 2016,S1 800,트랙 토이,RWD,온로드,183 869 347,737hp,1281kg,"2,0G",그냥 순수하게 횡G가 부족해서 기록이 안나옴/ 더 두꺼운 타이어나 앞에 포르자윙 달렸으면 더 좋았을듯,직빨의 BMW/ 순정엔진은 쓰레기임,경량화/ 세미 슬릭/ 4.4L V8-TT 스왑,2026-08-05,,1:23.659,
cobra65-a700,Shelby,Cobra 427 S/C,A 700,희귀 클래식,RWD,온로드,832 474 546,455hp,899kg,1.7G,(너 겨울 끝나고 날씨 좋아지면 보자 내가 반드시 뭔일 저지른다),이거는 그냥 낭만 빼면 시체이긴 한데 그래도 차가 낭만 하나만 가지고 타기에는 너무 명품이라서 알아서 손이 간다고 할까,최대한 빈티지의 감성을 살리긴 했지만 사실 성능픽으로 전환할까 고민 중,2026-08-04,,1:31.569,
speed310-a700,Mazda,Speed 3 2010,A 700,핫 해치,FWD,온로드,170 307 960,458hp,1258kg,1.8G,뭔가 변태같은 거 없나 찾다가 로터리 엔진에 꼴림 포인트 급상승 해서 만진 미친놈,아니 이딴 거에도 3로터 로터리가 들어간다고요?,3로터 스왑 / 드리프트 타이어 / 에어로 적당히?,2026-08-03,,1:30.255,
jimmy70-c500,GMC,Jimmy 1970,C 500,픽업 및 4*4,4WD,오프로드,425 474 859,353hp,1792kg,1.5G,몬스터트럭 같이 생겨서 오프로드로 던져야 제맛이지,5에서 이게 메타로 취급받던 시절이 있었는데 지금은 그냥 뒷방 늙은이 같기도 하고,오프로드 타이어 / 매우 높은 차고 / 근데 짧은 휠베이스?,2026-08-01,,,1:04.509
037stra92-A700,Lancia,037 Stradale 1982,A 700,레트로 랠리,RWD,혼합,293 914 937,373hp,974kg,1.7G,공식 자료보다 엔진 출력만 60마력정도 높음,037 Evo2 컨셉 튜닝/ FIA 호몰로게이션 자료 참고해서 엔진 출력 제외 최대한 비슷하게 만듬 / 혼합으로 올리긴 했는데 후륜랠리의 한계는 명확함,037 evo2 외형/ 타이어 폭도 고증,2026-08-01,,1:31.287,1:05.328
montero97-c500,Mitsubishi,Montero Evolution 1997,C 500,픽업 및 4*4,4WD,오프로드,545 123 946,324hp,1565kg,1.5G,얘도 어쨌든 갤로퍼긴 하잖슴 ,휠베이스 짧으면 오프로드 잘하나요? 네 그렇네요,그냥 뭐 만진 거 없이 오프로드 기본 튜닝 느낌?,2026-07-31,,,1:04.396
i82015-a700,BMW,I8 2015,A 700,모던 스포츠카,4WD,페스티벌 시즌 숙제,140 214 299,495hp,1224kg,1.8G,그냥 시즌 스턴트 한번에 즐기려고 만듬,시즌 스턴트 즐길라고 만든건데 본격적인 건 제대로 한번 해볼 예정,오프로드 타이어 / 신형 자흡엔진 스왑,2026-07-30,,,
murlp67010-s1800,Lamborghini,Murcielago LP 670-4 SV 2010,S1 800,모던 슈퍼카,4WD,온로드,122 259 919,720hp,1446kg,2.2G,람보르기니의 성능픽을 굳이 꼽자면 이거일 거 같아서 한번 만들어봤는데 내 이론이 진짜로 증명된 거 같은 느낌?,정말 마지막으로 람보르기니가 이성이 있던 시절이라고 생각하는 차,리버티 바디 / 세미슬릭,2026-07-29,,1:20.506,
mc2022-s1800-2,Maserati,MC20 2022,S1 800,모던 슈퍼카,RWD,온로드,170 278 876,826hp,1545kg,2.1G,일단 차를 살려야 하니까 안 미끄러지게 깎고 엔진은 좀 뒷순위로 미룬 경향이 있음,친구 의뢰로 깎기 시작했는데 이 답없는 것에도 답이 있다는 걸 깨달았음,랠리 타이어 / 랠리 서스 / MC12 엔진스왑,2026-07-28,,1:20.997,
mc2022-S1800,Maserati,MC20 2022,S1 800,모던 슈퍼카,RWD,온로드,179 002 750,836hp,1509kg,2.0G,순정 엔진은 도저히 써먹을 수가 없었음,4.5L V8트윈터보 스왑/ 적당한 불안정성/ 마세라티 너넨 엔진 만들지 마라,4.5L V8 트윈터보/ 경량화/ 드리프트 타이어/ 에어로,2026-07-28,,1:23.094,
Limo13-A700-2,Cadillac,XTS Limousine 2013,A 700,모던 슈퍼 세단,4WD,페스티벌 시즌 숙제,151 266 154,1073hp,2140kg,1.4G,오프로드로 바꾼 A클 리무진,모던 슈퍼 세단 A / 대유쾌 마운틴 랠리는 여기로 / 오프로드로 바꿈,바이퍼에 들어가는 V10 스왑한 다음 4륜 박아넣음 / 거기에 오프로드 타이어,2026-07-24,0:58.798,,
124spider17-A700,Abarth,124 Spider 2017,A 700,모던 스포츠카,RWD,온로드,312 496 513,518hp,1005kg,1.8G,파워후륜으로 만들어봄/ 근데 에어로가 거의 맥시멈이라 가속이 느림,A에서 추중비 0.52의 파워후륜/ 생각만큼 빠르진 않음,3.2L I6 스왑/ 드리프트 타이어/ 경량화/ 포르자 윙,2026-07-24,,1:31.655,
brat80-c500,Subaru,Brat GL 1980,C 500,픽업 및 4*4,4WD,오프로드,980 963 677,157hp,789kg,1.5G,그냥 이것도 살리나 싶어서 해봤는데 꽤 많이 좋네 쩝,뭔가 좋아보이는 건 다 때려박아봤는데 좋은 걸 다 때려박을 수만 있다면 차가 상당히 좋은 게 나오는 걸 알아냈다,오프로드 타이어/에어로/원심 슈퍼차저까지 그냥 종합 선물 세트로 박아버림,2026-07-23,,,1:04.780
huracanlp610414-S1800,Lamborghini,Huracan LP 610-4 2014,S1 800,모던 슈퍼카,4WD,온로드,137 944 993,676hp,1248kg,2.0G,트레일브레이킹 안하면 차가 돌아갈 생각도 안함/ 람보르기니를 서킷에서 탈려한게 잘못인건가,요청 받아 만든 튜닝/ Duke Dynamics 에어로킷/ 감속 안하면 언더스티어 지리게 납니다/ 타다보니깐 뭔가 익숙해서 생각해보니깐 GTA에서 이그너스 운전하는 느낌임 ㄹㅇ,경량화/ 스포츠 타이어/ 순정엔진,2026-07-23,,1:23.689,
4runner19-b600,Toyota,4Runner TRD Pro 2019,B 600,픽업 및 4*4,4WD,오프로드,104 341 261,403hp,1688kg,1.4G,진짜 진퉁 SUV는 랠리보다 빠를까? 싶었음,진짜 TRD 답게 하체는 잘 만져놨는데 뭔가 미끄러뜨리고 싶은 욕구가 매우 솟아오르지만 안 미끄러뜨려야 해서 운전자의 인내심을 매우 요구하는 중,그냥 멋진 바디킷에 오프로드 세팅,2026-07-22,,,1:01.274
zonda09-s2900,Pagani,Zonda R 2009,S2 900,익스트림 트랙토이,RWD,온로드,164 755 436,739hp,1154kg,2.4G,필자에게 상당한 추억이 있음 (이걸로 노가다 ㅈㄴ 뛴 기억이 있음) 추억 보정과 엔진음이 좋다는 건 뭐 인정해야할 사실이니까,엔진음도 좋은데 성능도 준수하게 나오는 편,슬릭인데 조금 안 좋은 슬릭임 / 그 외 건든 거 거의 없는 듯?,2026-07-21,,1:13.062,
gordini67-c500,Renault,8 Gordini 1967,C 500,클래식 랠리,RWD,혼합,117 530 597,165hp,807kg,1.4G,차 고르다가 갑자기 눈에 띄어서 하나 만들어본 녀석인데 클래식 랠리값 하네,아니 옛날 사람들은 이걸로 랠리를 뛰었다는데 대체 다들 강심장이었나?,오프로드 타이어 / 후륜 유지 / 엔진도 기본엔진에 업글만,2026-07-20,,,1:05.551
mc1204-s1800,Maserati,MC12 2004,S1 800,레트로 슈퍼카,RWD,온로드,610 980 564,624hp,1256kg,2.2G,페라리랑 람보르기니가 싫으면 이탈리아엔 뭐가 남죠?,괜히 레이스 DNA가 새겨진 녀석이 아니라니까 뭔가 TWR 튜닝한 거의 이탈리아 버전 느낌 / 상당히 경쾌한 주행이 가능하면서도 전혀 재미없지도 않음,드리프트 타이어 / 엔진업글 X,2026-07-19,,1:19.755,
integra23-b600,Acura,Integra A-Spec 2023,B 600,핫 해치,FWD,온로드,124 746 623,330hp,1154kg,1.6G,왠지 이거 튜닝하면 느낌이 좋을 거 같아서 해봤는데 진짜 좋네,상당히 멋진 디자인에 빠르기까지 한 녀석 등장,와이드바디 / 순정 타이어 / 엔진이 무려 330마력,2026-07-18,,1:36.750,
preludesi94-B600,Honda,Prelude Si 1994,B 600,레트로 핫 해치,FWD,온로드,671 634 826,437hp,1095kg,1.5G,FF는 서스펜션을 조져놔야 느낌이 좋아짐/  VVT는 신이야,2.0L VVT 원심 슈퍼차저 / FF가 코너링이 안좋다는 편견을 버려라 / 근데 이거 왜 핫해치임?,스트리트 타이어/ 경량화/ 2.0L VVT 원심 슈퍼차저 / 에어로,2026-07-18,,1:38.354,
db7gt03-A700,Aston Martin,DB7 GT 2003,A 700,레트로 스포츠카,RWD,온로드,134 750 833,591hp,1396kg,1.7G,엔진 소리 쥑이네,순정(purist) 튜닝/ 뒤가 좀 날아가는데 이게 순정 튜닝의 맛 아닐까,경량화/ 스포츠 타이어,2026-07-18,,1:32.661,
pantera84-b600,De Tomaso,Pantera GT5 1984,B 600,레트로 슈퍼카,RWD,온로드,171 974 515,310hp,1175kg,1.6G,난 이 숨겨진 이탈리아 클래식 슈퍼카를 도저히 그냥 내버려둘 수 없었음,운전 자체는 상당히 쉬운 편인데 뭔가 최고 기록 뽑기에는 엔진이 좀 약한 거 같은데 그렇다고 느린 건 아닌 거 같고 / B클래스가 FF 마당발인 거 생각하면 MR 주제에 선방한 거 같기도 하고,엔진은 그냥 두고 에어로 부분이랑 핸들링 쪽만 개선,2026-07-17,,1:37.974,
155q492-a700,Alfa Romeo,155 Q4 1992,A 700,레트로 슈퍼 세단,4WD,페스티벌 시즌 숙제,145 778 106,680hp,1362kg,1.7G,이번 페스티벌에 쓸 차량을 만들었는데 나중에 제대로 깎고 싶어지는 녀석,아니 분명히 4륜 드리프트용으로 설계했는데 왜 차가 전체적으로 좋은거지?,일단 F1 엔진을 집어넣고 생각해,2026-07-16,,,
xj220s93-S1800,Jaguar,XJ220S TWR 1993,S1 800,레트로 슈퍼카,RWD,온로드,112 867 646,680hp,996kg,2.1G,로터스 엘리스 GT1 잡아보려고 깎음,진짜 부드러운 크림 같은 주행감 / 리메이크 / 진짜 경쾌한 주행감이 사람 기분좋게 만드는 질감이 있음 트윈터보 특성 상 기어변속 해서 1단 위를 쓰는 것보다 최대한 레드라인 치는 게 더 빠릅니다,엔진 쪽은 안 건들고 핸들링 위주로 건드림 / 드리프트 타이어,2026-07-15,,1:19.692,
exige18-a700,Lotus,Exige Cup 430 2018,A 700,트랙 토이,RWD,온로드,812 053 906,400hp,1074kg,2.0G,어디까지 추해질 수 있나 한번 보고 싶었는데 생각보다 이건 많이 좋은데?,아니 이걸 대체 누가 A클래스로 내려서 탐? / 근데 아주 안정감 있진 않고 살짝 흔들리는 경향 있음,드리프트 타이어로 너프 그리고 이게 끝,2026-07-15,,1:27.465,
gtr17-S1800,Mercedes-AMG,GT R 2017,S1 800,슈퍼 GT,RWD,온로드,117 783 720,735hp,1128kg,2.0G,악셀링 조절만해서 대부분 코너 인아웃가능,5.2L V10 원심 슈퍼차저 스왑/ 좀만 더 잘 만져보면 더 좋은게 나올거 같음,5.2L V10 원심 슈퍼차저/ 드리프트 타이어/ 경량화,2026-07-15,,1:24.221,
gt4066-a700,Ford,#2 GT40 Mk.II 1966,A 700,클래식 레이스카,RWD,온로드,177 427 135,485hp,1188kg,1.6G,포드 v 페라리의 그 차량인데 얘는 66년식인 게 함정,포드v페라리 영화 보고 만든 포드,1967 르망 고증 튜닝을 포르자식으로 재해석,2026-07-14,,1:32.272,
spa33067-a700,Ferrari,#24 Ferrari SPA 330 P4 1967,A 700,클래식 레이스카,RWD,온로드,905 142 400,450hp,1024kg,1.7G,포드 v 페라리의 그 차량인데 얘는 후기형임,포드v페라리 영화 보고 만든 페라리,1967 르망 고증 튜닝을 포르자식으로 재해석,2026-07-14,,1:32.170,
manx2023-b600,Meyers,MANX 2.0 2023,B 600,버기,RWD,오프로드,979 588 694,200hp,744kg,1.5G,왠 버기인데 전기차길래 일단 만져봄,아니 전기랑 버기라는 단어가 공존할 수 있는 거였음?,4륜 스왑도 안되어서 강제로 후륜 오프로드행,2026-07-13,,,1:00.913
m3gtr05-a700,BMW,M3 2005,A 700,레트로 슈퍼 세단,RWD,온로드,152 346 868,555hp,1306kg,1.9G,M3 GTR인 척 하는 그냥 M3,왠 복엽기가 하나 있는데요?,겁나 거대한 리어윙 2개 / M3 GTR에 들어가는 엔진 스왑 (플그 ㄹㅇ 감다살),2026-07-10,,1:29.411,
lafer13-s1800-2,Ferrari,La Ferrari 2013,S1 800,하이퍼카,RWD,온로드,366 171 015,750hp,1401kg,2.2G,순정이 말을 안듣길래 알아서 잘 돌아가는 차로 만들고 싶었음,새로운 튜너의 첫 작품/ S2에서 S1으로 다운그레이드/ 안정성이 높음,드리프트 타이어/ 에어로/  Racing V12 스왑,2026-07-09,,1:22.657,
gt17-S1800,Ford,GT 2017,S1 800,모던 슈퍼카,RWD,온로드,638 651 826,744hp,1276kg,2.1G,에어로를 상당히 강하게 주긴 했는데 추중비가 괜찮아서 코너링 좋고 가속은 평타는 침,언더스티어 성향이 강한 MR/ 나름 쓸만한 듯,경량화/ 드리프트 타이어/ 포르자 에어로,2026-07-09,,1:21.118,
911carreras19-S1800-1,Porsche,911 Carrera S 2019,S1 800,모던 스포츠카,RWD,온로드,138 624 663,661hp,1203kg,2.0G,진짜 그냥 마실용,순정(purist)튜닝/ 마실용 911,경량화/ 스포츠 타이어,2026-07-08,,1:23.970,
911gt3rs19-S1800,Porsche,911 GT3 RS 2019,S1 800,트랙 토이,RWD,온로드,144 678 168,688hp,1295kg,2.0G,순정 에어로 써서 Pi 쌀먹함,리메이크/ 순정 에어로/ GT3RS치곤 너무 무거운거 아닌가?,경량화/ 드리프트 타이어,2026-07-08,,1:21.013,
718gt4rs22-S1800-1,Porsche,718 Cayman GT4 RS 2022,S1 800,트랙 토이,RWD,온로드,180 939 804,611hp,1161kg,2.0G,분명 횡G는 2인데 엄청 잘 돌아감,리메이크/ 이젠 단종된 718을 기리며,경량화/ 드리프트 타이어,2026-07-08,,1:20.660,
911turbosleicht93-A700,Porsche,911 Turbo S Leichtbau 1993,A 700,레트로 스포츠카,RWD,온로드,986 286 772,401hp,1048kg,1.7G,서스펜션 위주로 다시 건듬,리메이크 순정(purist) 튜닝/ 하중이동 매우 주의해서 할 것,경량화/ 기본 타이어,2026-07-08,,1:32.467,
supervan394-s1800,Ford,Supervan 3 1994,S1 800,트랙 토이,RWD,온로드,308 168 455,523hp,824kg,2.1G,진짜 이딴 것도 빠른가 싶은 차를 만드려는 게 목표,생각보다 안정적인데 가끔씩 반항하면서 뒤가 툭 날라가는 게 좀 있음,드리프트 타이어 / 엔진 풀업 / 초경량화,2026-07-07,,1:19.830,
mustanggt24-S1800,Ford,Mustang GT 2024,S1 800,모던 머슬,RWD,온로드,616 068 131,855hp,1371kg,2.0G,이름에 GT 들어가길래 진짜 GT스러울지 궁금해서 만듬,전혀 GT스럽지 않음 머슬카로 분류한게 이유가 있었네,경량화/ 슬릭타이어/ 정변위 슈퍼차저,2026-07-07,,1:25.110,
nsxr92-A700,Honda,NSX-R 1992,A 700,레트로 스포츠카,RWD,온로드,563 235 923,458hp,1036kg,1.7G,하중이동 연습용으로 좋을듯함 /안정적인 운동성,순정(purist) 튜닝/ 트레일 브레이킹 안하면 차 안돌아감,경량화/ 도로주행 타이어,2026-07-07,,1:31.781,
242tub83-a700,Volvo,242 Turbo Evolution 1983,A 700,클래식 랠리,RWD,온로드,181 939 406,355hp,1197kg,1.7G,85년도에 DTM 시리즈를 우승했던 그때 그 튜닝을 포르자에 녹여냄,85년도 DTM 우승 컨셉 튜닝,슬릭/경량화/롤케이지,2026-07-06,,1:33.282,
911gt295-s1800,Porsche,911 GT2 1995,S1 800,레트로 슈퍼카,RWD,온로드,448 345 251,579hp,1098kg,2.2G,포르쉐 컨셉 튜닝으로 2000s ALMS 레이싱 경주 차량을 최대한 구현하고자 함,ALMS 2000년 포르쉐,슬릭/580마력,2026-07-06,,1:22.953,
ram06-a700,Dodge,Ram SRT-10 2006,A 700,모던 머슬,RWD,온로드,184 081 975,867hp,1472kg,1.7G,아니 차가 픽업트럭인데 분류가 현세대 머슬카라니까요? 이걸 어케참는데,아니 차가 엑셀 밟을 때마다 너 엑셀 밟을거야? 정말로? 진짜로? 라고 실시간으로 협박하는데 엑셀 조금이라도 잘못밟으면 차가 나를 죽여버리거든요? 근데 재밌음,드리프트 타이어를 극한으로 활용,2026-07-06,,1:29.926,
gt323-s1800-1,Porsche,911 GT3 RS 2023,S1 800,트랙 토이,RWD,온로드,389 900 544,564hp,1081kg,2.3G,TA느낌 나는 로드형 포르쉐?,새롭게 공부한 LSD 이론이 성공적으로 먹어서 기록 단축에 매우 큰 역할을 해내는데 성공함 / 근데 차가 뭔가 물에 살짝 떠다니는 거 같음 수막현상이 실시간으로 일어나는? 심지어 엑셀 밟는 걸 좀 참아줘야함 / 절대 초보자가 날먹으로 타는 건 아니라는 테스터 3명의 일관된 의견이 있었음,드리프트 타이어 / 에어로 조정 / 경량화 / 배기튜닝,2026-07-06,,1:18.333,
gtrnismo24-S1800,Nissan,GT-R Nismo 2024,S1 800,트랙 토이,4WD,온로드,116 246 381,634hp,1227kg,2.0G,딸깍하면 22초 나오는건 좀 꼴받네,타기 쉬운 4륜 트랙토이/ 살짝 후륜처럼 타야해서 후륜 타기 힘들면 이걸로 연습하세요,경량화/드리프트 타이어/ 순정 에어로,2026-07-06,,1:22.497,
corvettezr109-S1800,Chevrolet,Corvette ZR1 2009,S1 800,모던 머슬,RWD,온로드,167 252 512,700hp,1212kg,2.2G,진짜 그냥 FR 트랙 토이 느낌인데,이게 왜 트랙토이가 아니고 모던 머슬임?,경량화/ 슬릭 타이어/ 5.5L V8 자흡 스왑,2026-07-06,,1:23.918,
f5095-S1800,Ferrari,F50 1995,S1 800,레트로 슈퍼카,RWD,온로드,891 013 668,862hp,1211kg,2.0G,정신 나갈거 같아 ,튜닝 수정함 / 다른 MR이랑은 셋업을 완전히 다르게 잡아햐 탈만함 터보차저 토크 올라올때 조심,경량화/ 드리프트 타이어/ 안티랙 트윈터보 장착/ 에어로,2026-07-06,,1:20.936,
gtblack21-S1800,Mercedes-AMG,GT Black Series 2021,S1 800,트랙 토이,RWD,온로드,379 532 855,738hp,1209kg,2.1G,전반적으로 오버스티어 성향,GT3 레이스카 느낌/ 스로틀 조작 주의,경량화/ 드리프트 타이어,2026-07-06,,1:22.028,
911gt3rs23-S1800,Porsche,911 GT3 RS 2023,S1 800,트랙 토이,RWD,온로드,127 567 447,564hp,1090kg,2.3G,극단적 코너링 세팅,설명글 고봉밥 되어있는 911GT3RS의 덜 매운맛 버전,경량 자흡 드리프트 타이어,2026-07-06,,1:20.430,
nsx22-S1800,Acura,NSX Type S 2022,S1 800,모던 슈퍼카,4WD,온로드,133 612 779,632hp,1373kg,2.0G,기존 차량의 로우 그립 이슈를 그래도 해결함,로봇 잡으면 공짜로 주니까 튜닝해놓음 / 리메이크,하이브리드 엔진으로 바꾸고 타이어가 살짝 불안하고 거대한 와이드바디 키트를 장착함,2026-07-05,,1:22.970,
acty94-B600,Honda,Acty 1994,B 600,대중 국산차,4WD,혼합,414 866 687,292hp,864kg,1.5G,반정도 차고를 낮추고 서스페션을 부드럽게해서 최대한 안넘어지게 노력해봄,요청 받아서 만든 랠리?? 튜닝/ 2.0L VVT 원심슈퍼차저 스왑/ 탑차 바디킷,경량화/ 랠리타이어/ 2.0L VVT 원심 슈퍼차저/ 탑차 바디킷과 성능 범퍼,2026-07-05,,1:43.704,
620r21-S1800-2,Mclaren,620R 2021,S1 800,트랙 토이,RWD,온로드,646 616 045,655hp,1189kg,2.2G,초보자가 쉽게 퍼먹기엔 어려워도 고점 하나만 위해 깎음,자연흡기 장점을 극대화한 숙련자용 세팅 / 솔직히 레전드 아일랜드에서 안정적으로 19초대 계속 뽑을 수 있는 건 이거밖에 없을듯 / 진짜 극한의 하드 브레이킹은 좀 주의,F1 엔진 스왑 / 세미슬릭 타이어,2026-07-03,,1:19.045,
lanevox08-A700,Mitsubishi,Lancer Evolution X GSR 2008,B 600,모던 랠리,4WD,페스티벌 시즌 숙제,785 739 992,305hp,1281kg,1.7G,진짜 안 미끄러지려고 기를 쓰고 깎음,에보8이 너무 지루해서 새로 만듬,와이드바디 / 엔진 업글 X,2026-07-02,,,1:01.122
s1502-a700,Nissan,Silvia Spec-R 2002,A 700,레트로 스포츠카,RWD,페스티벌 시즌 숙제,147 905 955,360hp,1073kg,2.1G,그냥 어떻게든 안 미끄러뜨리게 만듬,이거 미끄러뜨리면 운전연수 다시 받아야함,와이드바디 / 뒤타이어 폭 풀업,2026-07-02,,1:30.363,
celica92-b600,Toyota,Celica GT-Four ST185 1992,B 600,레트로 랠리,4WD,혼합,638 930 973,299hp,1155kg,1.4G,그룹B가 끝나고 잠깐 잊혀졌을 수도 있는 그룹A 시기를 기억하기 위해 튜닝,그룹A 랠리에서 뛰던 그 당시 셀리카,오프로드 타이어에 그룹A 사양의 엔진 마력과 무게를 맞춤,2026-07-02,,,1:01.619
delta92,Lancia,Delta HF Integrale Evo 1992,B 600,레트로 랠리,4WD,혼합,426 516 139,295hp,1110kg,1.6G,그룹B가 끝나고 잠깐 잊혀졌을 수도 있는 그룹A 시기를 기억하기 위해 튜닝,그룹A 랠리에서 뛰던 그 당시 란치아,오프로드 타이어에 그룹A 사양의 엔진 마력과 무게를 맞춤,2026-07-02,,,1:00.731
viper08-s1800,Dodge,Viper SRT-10 ACR 2008,S1 800,트랙 토이,RWD,페스티벌 시즌 숙제,540 918 225,760hp,1412kg,2.2G,사람들이 모두 고수의 운전실력을 가지지 않았다는 걸 깨닫고 만듬,미끄러지긴 하는데 안 미끄러뜨리게만 타면 차가 알아서 해줌 / 난이도 쉬움 / 브레이크 락이 좀 있긴 한데 브레이크 밟을 일이 그렇게 많을까? 싶긴 함,에어로에 원심 슈퍼차저,2026-07-02,,1:19.408,
911gt2rs18-S2900,Porsche,911 GT2 RS 2018,S2 900,트랙 토이,RWD,온로드,162 130 888,1058hp,1328kg,2.3G,RR보단 MR느낌이 남,포르쉐 장난감,경량화/ 세미슬릭,2026-07-02,,1:15.774,
570s15-S1800-1,Mclaren,570S Coupé 2015,S1 800,모던 슈퍼카,RWD,온로드,958 764 676,754hp,1224kg,2.1G,GT3 같은 느낌은 아니고 멕시코시절 파워 후륜같은 느낌,에어로킷 덕지덕지/ 안티랙 터보/ 몸을 비틀면서 트랙을 달려보세요 / 머플러에서 교향곡 나옴 개쩜,경량화/ 드리프트 타이어/ 안티랙 터보,2026-07-02,,1:22.287,
evo804-A700-1,Mitsubishi,Lancer Evolution VIII MR 2004,A 700,모던 랠리,4WD,혼합,142 610 067,400hp,1094kg,1.8G,이제는 안 뒤집힘,란에보8 환영팩 레플리카 / 환영팩 없는 사람들을 위한 차 / 리모델링,포르자 에어로에 오프로드 타이어,2026-07-01,0:57.887,1:32.856,0:57.055
8ccomp07-A700,Alfa Romeo,8C Competizione 2007,A 700,GT 자동차,RWD,온로드,172 073 417,510hp,1277kg,1.8G,서스펜션 세팅이 안정성 위주라서 1.8G를 끝까지 못쓰는 느낌임 대신 안정적임,산책용 GT카/ 리어윙 장착,원본 타이어/ 경량화,2026-07-01,,1:32.040,
velostern19-A700-2,Hyundai,Veloster N 2019,A 700,슈퍼 핫 해치,FWD,온로드,123 404 935,484hp,1139kg,1.8G,아니 튜닝 올라온 거 타보고서 저거 기록 100% 더 잘 나올 거 같은데? 에서 출발함,와이드바디가 주는 안정감이 5때랑 차원이 다름,순정엔진/와이드바디/랠리 타이어/랠리 서스,2026-07-01,,1:29.586,1:01.410
diablogtr99-S2900,Lamborghini,Diablo GTR 1999,S2 900,익스트림 트랙토이,RWD,온로드,141 538 787,607hp,921kg,2.5G,기본으로 주는 슬릭 타이어가 종류가 다른건가봐,주간숙제 깨면 주는거 가지고 놀려고 튜닝/ 순정엔진 유지,경량화/ 순정 타이어/ 순정 엔진,2026-07-01,,1:16.370,
dbssuperleg19-S1800,Aston Martin,DBS Superleggera 2019,S1 800,슈퍼 GT,RWD,온로드,117 098 550,760hp,1452kg,2.1G,그냥 순수하게 차가 무거워서 서스펜션을 단단하게 만듬,그냥 만들어봄/ 포르자 에어로 / 무거움,경량화/ 세미슬릭,2026-07-01,,1:24.374,
velostern19-A700,Hyundai,Veloster N 2019,A 700,슈퍼 핫 해치,FWD,온로드,316 347 181,472hp,1116kg,1.7G,경기용 터보엔진에 안티랙 꽂으니깐 터보랙 관련 문제는 전혀 없음,랠리카로 만들고 싶었는데 온로드에서만 빠른 차가 되었다,경량화/ 랠리타이어/ 포르자 에어로 /1.6L 터보 랠리 스왑,2026-07-01,,1:30.893,
brocky17-A700,Ford,"#25 ""BROCKY"" Ultra4 bronco RTR 2017",A 700,언리미티드 오프로드,4WD,오프로드,157 171 566,850hp,2019kg,1.5G,무난한 오프로드 주행용인데 정작 깎으려면 사람 잡아먹는 놈,리메이크된 브롱키 / 뭔가 저점 뽑기는 쉬운데 고점 뽑기는 상당히 난해함,7200cc V8에 경량화를 안 해버림,2026-07-01,,,0:56.705
atom13-s2900,Ariel,Atom 500 V8 2013,S2 900,익스트림 트랙토이,RWD,온로드,830 355 237,669hp,665kg,2.4G,공도로 나온 F1 머신 컨셉,무슨 25년도 페라리처럼 허구한 날 LICO 쳐 해야하는 차가 나올 뻔 했는데 영혼부터 뜯어고쳐서 살리는데 성공했음 아마도 이 정도면 대충 26년도 레드불 정도는 하는 듯,슬릭에 트윈터보? 네? 그리고 그 누구보다 레드불 데칼이 잘 어울림,2026-06-30,,1:12.426,
viper99-s1800,Dodge,Viper GTS ACR 1999,S1 800,레트로 머슬,RWD,온로드,725 172 533,642hp,1256kg,2.1G,바이퍼 컨셉 튜닝으로 1999s ALMS 레이싱 경주 차량을 최대한 구현하고자 함,ALMS 1999년 바이퍼,슬릭/경량화/640마력대로 맞춰놓음,2026-06-30,,1:24.463,
corvette02-s1800,Chevrolet,Corvette Z06 2002,S1 800,레트로 머슬,RWD,온로드,130 641 602,609hp,1158kg,2.1G,콜벳 컨셉 튜닝으로 2002s ALMS 레이싱 경주 차량을 최대한 구현하고자 함,ALMS 2002년 콜벳,슬릭/경량화/610마력 대,2026-06-30,,1:22.766,
c63scoupe16-A700,Mercedes-AMG,C 63 S Coupé 2016,A 700,모던 슈퍼 세단,RWD,온로드,130 281 688,516hp,1443kg,1.7G,서스펜션 매우 단단,순정(purist) 튜닝/ 무게에 비해 은근 민첩함,스포츠 타이어/ 경량화,2026-06-30,,1:33.202,
600lt18-S1800-1,Mclaren,600LT Coupé 2018,S1 800,트랙 토이,RWD,온로드,752 216 269,749hp,1246kg,2.1G,안티랙 터보 실험차량,안티랙 달면 터보차도 쓸만해지는가 실험정신으로 만듬/ 서킷보단 스프린트에서 쓸만할듯,경량화/ 포르자 에어로/ 드리프트 타이어/ 안티랙,2026-06-30,,1:23.031,
512tr92-A700,Ferrari,512 TR 1992,A 700,레트로 슈퍼카,RWD,온로드,150 399 526,537hp,1298kg,1.6G,순수하게 횡G가 딸려서 코너링이 힘듬/ 트레일 브레이킹으로 잘 돌것,순정(purist)튜닝/ 잘 안돌아감 주의,경량화/ 스트리트 타이어,2026-06-30,,1:32.899,
viperacr16-S1800,Dodge,Viper ACR 2016,S1 800,트랙 토이,RWD,온로드,205 122 957,662hp,1236kg,2.2G,오버스티어 성향이 강하긴해서 안티롤바를 강하게 잡음,과부제조기..가 아니잖아 그냥 잘 돌아가는 트랙토이잖아,경량화 / 드리프트 타이어,2026-06-30,,1:22.306,
rxc15-S2900,Radical,RXC Turbo 2015,S2 900,익스트림 트랙토이,RWD,온로드,380 139 809,487hp,759kg,2.8G,이름엔 터보가 있지만 실제론 터보가 아님,나는 개쩌는 레디컬이니까 / 리메이크로 더 개쩔어짐,3리터 V8 스왑해서 자연흡기로 만듬,2026-06-30,0:47.037,1:11.927,
207super07-A700,Peugeot,207 Super 2000 2007,A 700,랠리 몬스터,4WD,혼합,149 838 177,425hp,1092kg,1.7G,난 이 차가 WRC에 출전했던 거를 잠깐 까먹고 너무 옛날 스타일의 랠리로 만들어서 차가 쓰레기였던 걸 그저 원래 집으로 돌려보내줬을 뿐,리메이크 / WRC 스타일을 적용해서 기존 차량보다 약 1초의 기록 단축 성과를 이룩함,오프로드 타이어 / 앞 구동배분 6,2026-06-29,,1:29.523,0:55.565
vivio94-c500,Subaru,Vivio RX-R 1994,C 500,대중 국산차,4WD,혼합,110 816 032,109hp,650kg,1.6G,액티처럼 일단 작고 4륜이여서 오프로드로 던져봄,작고 귀엽고 깜찍한데 소리는 뭔가 이 차에서 나면 안될 소리가 남,나 엔진스왑 안 했는데 왜 모터바이크 엔진 소리가 남?,2026-06-29,,1:52.458,1:05.509
620r21-S1800,Mclaren,620R 2021,S1 800,트랙 토이,RWD,온로드,604 308 400,637hp,1183kg,2.2G,진짜 그냥 좋은 MR느낌임,정말 좋은 트랙용 MR/ 최고속도는 다소 낮음,경량화/드리프트 타이어,2026-06-29,,1:22.039,
765lt21-S1800,Mclaren,765LT 2021,S1 800,트랙 토이,RWD,온로드,915 159 730,639hp,1168kg,2.2G,그냥 차가 너무 안정적임,5.2L V10 스왑/ 탈출 가속이 안정적인 트랙 세팅,경량화/ 드리프트 타이어/ 5.2L V10,2026-06-29,,1:22.092,
warthog-a700,AMG Transport Dynamics,M12S Warthog CST 2554,A 700,언리미티드 오프로드,4WD,오프로드,179 104 190,1196hp,2291kg,1.5G,그냥 겁나 크고 짱짱한 오프로드 머신을 원했는데 딱 맞게 나온 듯,아니 코버넌트 잡으러 가려면 차가 더 빨라야 한다니까요?,7200cc V8로 엔진 교체해서 출력이 더 좋아짐,2026-06-29,,,0:55.885
montero95-c500,Mitsubishi,Montero Exceed 2800 TD 1995,C 500,픽업 및 4*4,4WD,오프로드,418 705 463,257hp,1675kg,1.4G,갤로퍼로 산 타는 실생활? 근데 요즘도 하잖아 ㄷㄷ,사실 얘는 갤로퍼 이미지가 너무 강해서,오프로드 타이어 / 오프로드 바디킷 / 그 당시 갤로퍼,2026-06-28,,,1:06.582
acty94-c500,Honda,Acty 1994,C 500,대중 국산차,4WD,오프로드,627 032 041,150hp,647kg,1.4G,그냥 전천후 오프로더? 가 컨셉,작은 경트럭이 4륜인데 오프로드로 던져봐야 하지 않을까,오프로드 최소 개조 느낌인데 이거 느낌 이상함 근데 C클래스라서 티도 안 남,2026-06-28,,,1:04.315
131-c500,Abarth,FIAT 131 1980,C 500,클래식 랠리,RWD,혼합,112 136 726,170hp,845kg,1.6G,RWD가 4륜이랑 오프로드에서 비비던 시절의 이야기,이 당시 왜 후륜 랠리가 경쟁력 있는지 깨달음,그냥 오프로드 타이어만 달고 랠리 튜닝 했는데,2026-06-28,,1:50.554,1:04.553
bentayga-a700,Bentley,Bentayga 2016,A 700,스포츠 유틸리티 영웅,4WD,오프로드,612 557 887,750hp,1835kg,1.6G,영국식 오프로드 만들려고 했는데요,뭔가 비포장에서 타기에는 차가 좀 큰 거 같고 크로스컨트리에서 타기에는 뭔가 애매한데,그냥 오프로드 사전 설정 한 다음 몇 가지만 바꿈,2026-06-28,,,0:55.791
speed98-s1800,TVR,Cerbera Speed 12 1998,S1 800,레트로 슈퍼카,RWD,온로드,560 614 149,800hp,926kg,2.0G,ㅘㅏㅏㅏㅏ 하는 소리밖에 안 나옴 이거 타면서 미친놈처럼 웃었음,5때도 사람 잡아먹는 주행감과 그에 비례하는 속도를 가져서 튜닝했는데 6에서는 사람은 좀 덜 잡아먹는데 그냥 뒤지게 빨라요,엔진은 안 건들고 하체만 건드렸습니다,2026-06-27,,1:20.299,
deltas4-A700-1,Lancia,Delta S4 1986,A 700,레트로 랠리,4WD,혼합,129 691 202,347hp,953kg,1.9G,랠리는 랠리다,와 이거 생각보다 진짜 빠름,오프로드 타이어 / 경량화와 약간의 엔진,2026-06-26,,1:31.928,0:56.753
beetle17,Volkswagen,#34 Andretti Rally Cross Beetle 2017,S1 800,랠리 몬스터,4WD,혼합,154 864 335,730hp,1204kg,1.8G,빠른 랠리를 만들었는데 나는 모르겠다요,뭔가 빠른 건 맞는데 컨트롤은 영 그래요 어렵다구요,오프로드 타이어 / 개쩌는 엔진 아마도,2026-06-26,,,0:54.383
fiesta17race-s1800,Ford,#14 Rahal Letterman Lanigan Racing Fiesta 2017,S1 800,랠리 몬스터,4WD,혼합,759 744 209,620hp,1254kg,1.9G,최대한 빠른 S1 랠리를 목표로 했는데 얘는 별루...,랠리 표본으로 만들었는데 질감만 좋고 실제론 빠르지 않음,그냥 기본적인 랠리 튜닝,2026-06-26,,,0:55.973
galant92-c500,Mitsubishi,Galant VR-4 1992,C 500,레트로 랠리,4WD,페스티벌 시즌 숙제,485 729 648,250hp,1353kg,1.5G,랠리 뛰는 사슴벌레 / 앞에 있으면 무조건 베임 ㄷㄷ,사슴벌레 한 마리 튀어나옴,코멘트로 적을 게 없습니다...,2026-06-25,,,1:06.264
diablosv97-A700-1,Lamborghini,Diablo SV 1997,A 700,레트로 슈퍼카,RWD,페스티벌 시즌 숙제,312 655 921,617hp,1313kg,1.8G,앞 돌아가는 안정형 슈퍼카,시즌 튜닝인데 차 생각보다 괜찮게 깎임,오프로드 타이어,2026-06-25,,1:32.253,
corvettezr119-S1800,Chevrolet,Corvette ZR1 2019,S1 800,트랙 토이,RWD,온로드,151 101 076,849hp,1353kg,2.0G,FR인데 느낌은 MR에 가까운거 같음,순정(purist) 튜닝/ 무거우면 그만큼 큰 엔진을 달면 되는거지 그게 미국식이지,드리프트 타이어,2026-06-25,,1:24.107,
8613-A700,Toyota,86 2013,A 700,모던 스포츠카,RWD,온로드,190 854 429,393hp,1019kg,1.8G,브레이크 잘 잠김,없길래 만들어본 튜닝/ 생각보다 잘 안돌아가네,경량화/ 포르자 리어윙/ 순정엔진/ 세미슬릭,2026-06-25,,1:32.428,
sierra87-a700,Ford,Sierra Cosworth RS500 1987,A 700,레트로 슈퍼 세단,RWD,온로드,146 502 341,479hp,1141kg,1.7G,88년도에 DTM 시리즈를 우승했던 그때 그 튜닝을 포르자에 녹여냄,88년도 DTM 우승 컨셉 튜닝,스포츠 / 그룹A / 데칼이랑 같이 끼세요,2026-06-24,,1:32.375,
190e90-a700,Mercedes-Benz,190E 2.5-16 Evo II 1990,A 700,레트로 슈퍼 세단,RWD,온로드,131 811 919,372hp,1094kg,1.7G,92년도에 DTM 시리즈를 우승했던 그때 그 튜닝을 포르자에 녹여냄,92년도 DTM 우승 컨셉 튜닝,세미슬릭 / 그룹A / 데칼이랑 같이 끼세요,2026-06-24,,1:32.432,
m388-a700,BMW,M3 1988,A 700,레트로 슈퍼 세단,RWD,온로드,541 021 804,299hp,1023kg,1.9G,87년도에 DTM 시리즈를 우승했던 그때 그 튜닝을 포르자에 녹여냄,87년도 DTM 우승 컨셉 튜닝,세미슬릭 / 그룹A / 데칼이랑 같이 끼세요,2026-06-24,,1:32.001,
evo601-B600,Mitsubishi,Lancer Evolution VI GSR TM Edition 2001,B 600,레트로 랠리,4WD,혼합,277 013 727,280hp,1195kg,1.7G,핸들링 위주 튜닝이라 편안함을 추구,공짜로 주는 거 랠리 혼합 튜닝 / 리모델링,경량/서스 튜닝 외 아무것도 안함/호쿠부 단 2바퀴 만에 저 기록 나옴,2026-06-24,1:02.741,1:40.846,1:01.209
mini65-b600,Mini,Cooper S 1965,B 600,클래식 랠리,4WD,혼합,170 467 798,175hp,599kg,1.5G,B클래스 오프로드용,무난한 걸 꿈꿨는데 지 성격이 너무 확실해져버림,오프로드로는 진짜 좋긴 한데 온로드 겸용으로 쓰기에는 좀 아깝고 그렇다고 랠리 뛰는 거에는 모자람이 없는 괴상한 녀석,2026-06-23,,1:42.975,0:59.787
m60010-S2900,Noble,M600 2010,S2 900,레트로 슈퍼카,RWD,온로드,146 411 426,840hp,1110kg,2.4G,원래 S1 으로 하려 했는데 실패해서 S2행,지극히 영국스러운 녀석,상당히 민감하고 빠르고 골때림,2026-06-23,,1:17.656,
m4coupe14-A700,BMW,M4 Coupé 2014,A 700,모던 슈퍼 세단,RWD,온로드,944 673 298,515hp,1502kg,1.8G,마음같아선 섀시 절단해서 경량화 하고 싶음,V10 자연흡기 스왑/ 포르자 에어로/ 차 진짜 뒤지게 무겁네,V10 스왑/ 드리프트 타이어,2026-06-22,,1:31.249,
amghammercoupe87-B600,Mercedes-Benz,AMG Hammer Coupe 1987,B 600,레트로 슈퍼 세단,RWD,온로드,716 355 060,379hp,1494kg,1.4G,옛날 차는 감성으로 타는것이다,차가 이뻐서 튜닝함/ 순정(purist) 튜닝,원본 유지,2026-06-22,,1:41.824,
impalaSS96-B600,Chevrolet,Impala Super Sport 1996,B 600,레트로 머슬,RWD,온로드,106 260 860,432hp,1459kg,1.4G,성능 범퍼 있길래 못참았음,경찰차 외형/ 슈퍼차저 튜닝,경량화/ 스트리트 타이어/ 정변위 슈퍼차저,2026-06-22,,1:41.320,
488pista19-S1800-2,Ferrari,488 Pista 2019,S1 800,트랙 토이,RWD,온로드,142 082 395,741hp,1253kg,2.2G,절대 피스타의 후방 서스펜션을 부드럽게 하지마,피스타 튜닝 수정판/ 포르자 에어로/ 전보다 좀 더 과감하게 밟아도 됨,458에 한거랑 비슷하게 함,2026-06-22,,1:21.648,
glanza96,Toyota,Starlet Glanza V 1996,C 500,레트로 핫 해치,FWD,온로드,133 117 962,141hp,837kg,1.4G,인도 현지 모델이라는 걸 감안에서 저렴하게 만듬,대체 이게 뭔 차인가 싶어서 만들었는데 이상하게 좋음,뭐 바꾼 게 딱히 많진 않은데,2026-06-21,,1:48.831,
vipergtsacr99-A700,Dodge,Viper GTS ACR 1999,A 700,레트로 머슬,RWD,온로드,157 191 052,483hp,1306kg,1.7G,윙 안달아도 코너링 자체는 잘된다 그것이 과부제조기니깐,과부제조기/ 순정(Purist) 튜닝/ 코너 탈출할때 토크 오버 주의,경량화/ 드리프트 타이어,2026-06-21,,1:32.265,
racingpuma99-B600,Ford,Racing Puma 1999,B 600,레트로 랠리,FWD,온로드,506 621 689,235hp,975kg,1.9G,경량 세미슬릭 에어로,토우게/트랙 튜닝,코너링 좋음,2026-06-20,,1:37.540,
quattro86-s1800-2,Audi,#2 Audi Sport quattro S1 1986,S1 800,랠리 몬스터,4WD,혼합,290 572 116,681hp,1119kg,2.0G,난 진짜 빠른 걸 만들어보고 싶었고 성공한듯?,뭔가 만들다보니까 심각하게 잘못된 걸 만들어버렸는데 심각하게 빠르기도 합니다 / 그냥 타기 쉬운 게 브레이크 밟고 핸들을 돌리고 엑셀을 밟으면 차가 알아서 해줍니다,오프로드 타이어 다운그레이드 / 빠르고 몰기 쉬운데 이상하게 좋음,2026-06-20,,1:23.515,0:52.663
459speciale13-S1800,Ferrari,458 Speciale 2013,S1 800,트랙 토이,RWD,온로드,804 278 190,615hp,1160kg,2.2G,엔진 좋고 가볍고 그립좋음,포르자 에어로 장착/ 그립주행 특화,경량화/ 드리프트 타이어/ 순정 엔진,2026-06-20,,1:20.433,
rs20085,Ford,RS200 Evolution 1985,S1 800,랠리 몬스터,4WD,혼합,138 020 539,850hp,1106kg,2.0G,최대한 빠른 오프로드?,뭔가 S1 랠리 몬스터 표본이 없어서 만들어봄,랠리 타이어에 V8 스왑해서 자연흡기됨,2026-06-19,,,0:55.463
m588-c500,BMW,M5 1988,C 500,레트로 핫 해치,RWD,페스티벌 시즌 숙제,599 705 059,299hp,1429kg,1.3G,숙제만 깰 수 있게끔 튜닝,C클래스용 레트로 세단,타이어 올리고 서스 만지고 엔진 조금?,2026-06-18,,1:51.115,
civicsi86-d500,Honda,Civic Si 1986,D 400,레트로 핫 해치,FWD,페스티벌 시즌 숙제,715 941 105,132hp,755kg,1.1G,숙제 깨려고 만든건데 본판이 좋은가?,숙제 전용인데 생각보다 괜찮음,서스조차 순정인 미친놈,2026-06-18,,,
golf21-a700,Volkswagen,Golf R 2021,A 700,슈퍼 핫 해치,4WD,온로드,101 829 243,432hp,1220kg,1.9G,온로드 전용이긴 한데 급하면 오프로드로 던져볼 만 함,A클 슈퍼 핫 해치가 없어서 만들었는데 상당히 좋은 게 나옴 / 급하면 오프로드에 던져도됨,개쩌는 터보/랠리 타이어,2026-06-18,,1:30.420,1:00.204
5tub80-b600,Renault,5 Turbo 1980,B 600,레트로 랠리,4WD,혼합,131 537 025,260hp,960kg,1.6G,그냥 한번에 다 털고 싶어서 만든 종합세트,이번에도 돌아온 시즌 국밥,4륜 / 오프로드 / 개쩌는 그립?,2026-06-18,,1:40.133,1:01.430
integrawtac01-S2900,Honda,#33 Integra WTAC,S2 900,익스트림 트랙토이,FWD,온로드,202 910 540,616hp,893kg,3.2G,이게 왜 익스트림 트랙 토이인지 증명해보려고 함,뭔가 이 멋진 걸 튜닝 안 하는 건 범죄 같아서 함,멋진 슬릭과 핸들링/상대적 빈약한 엔진?,2026-06-17,,1:13.754,
gts15-S1800,Mercedes-AMG,GT S 2015,S1 800,슈퍼 GT,RWD,온로드,769 346 933,686hp,1305kg,2.2G,엔진 출력이 조금 아쉽네,트랙 세팅 GT카/ GT에서 경량화하고 슬릭끼고 에어로 달면 그게 GT3인거지,경량화/에어로/슬릭타이어,2026-06-17,,1:22.528,
camrytrd23-A700,Toyota,Camry TRD 2023,A 700,모던 슈퍼 세단,FWD,온로드,921 025 861,445hp,1238kg,1.8G,오버스티어가 잡히면서 코너 탈출 가속이 좋아짐,포르자 에어로 장착/에어로 값 수정/ 뭔데 이거 왜 느낌 좋은데 이러면 난 엘란트라를 기대할 수밖에 없어,B튜닝에서 엔진 튜닝/ 세미슬릭,2026-06-16,,1:30.670,
crxwtac90-S1800,Honda,#19 101 Motorsport CRX WTAC 1990,S1 800,익스트림 트랙토이,FWD,온로드,932 495 186,493hp,824kg,3.1G,뭔가 이상한 짓을 해보고 싶었음,진짜 이걸 굳이 왜 S1까지 다운그레이드 쳐서 튜닝해서 타는 미친놈이 있을까,타이어만 스노 타이어,2026-06-16,,1:22.940,
dino246gt69-B600,Ferrari,Dino 246 GT 1969,B 600,희귀 클래식,RWD,온로드,653 339 418,281hp,916kg,1.5G,얘도 범퍼 때면 느려지는데,그냥 디노 튜닝하고 싶었음/ 클래식카 답게 고풍스러운 주행감,빈티지 레이스 타이어,2026-06-16,,1:41.383,
camrytrd23-B600,Toyota,Camry TRD 2023,B 600,모던 슈퍼 세단,FWD,온로드,237 363 098,334hp,1272kg,1.5G,오버스티어를 잡고 싶었는데 차가 코너를 거부하길래 오버스티어 남겨둠,오버스티어 나는 전륜/  순정 에어로,경량화/ 타이어 폭 맥스,2026-06-16,,1:39.962,
250gt62-B600,Ferrari,250 GT Berlinetta Lusso 1962,B 600,희귀 클래식,RWD,온로드,740 920 249,286hp,855kg,1.4G,최대한 순정을 유지해봄,내기에서 져가지고 페라리 튜닝하게 됨,그냥 진짜 순정이나 다름없어서 기어마저 순정임,2026-06-15,,1:39.668,
911turbo3.3-A700-2,Porsche,911 Turbo 3.3 1982,A 700,레트로 슈퍼카,RWD,온로드,156 249 891,449hp,1029kg,1.7G,블랙버드 컨셉튠이 너무 구려서 다시 만듬/ 드리프트 타이어/ 경량화,생긴건 블랙버드/ 하중이동을 잘 해서 언더스티어와 오버스티어를 조절해야함,4단기어 사용/ 4단에서 다운쉬프트 시 레브리밋 주의,2026-06-15,,1:33.354,
mx5rf22-A700,Mazda,MX-5 Miata RF 2022,A 700,모던 스포츠카,RWD,온로드,132 373 853,293hp,933kg,1.8G,좋은지는 모르곘다,순정(purist) 튜닝/ 스냅 오버스티어 주의,경량화/ 세미슬릭,2026-06-14,,1:32.993,
s717-S1800,Saleen,S7 LM 2017,S1 800,익스트림 트랙토이,RWD,온로드,734 695 578,1000hp,1323kg,1.9G,S2를 S1으로 내린 다음 그냥 최대한 좋게 만들어봄,사람 수명 깎아먹기 좋은 녀석,드리프트 타이어 / 순정 엔진,2026-06-13,,1:20.442,
mono14-s1800,BAC,Mono 2014,S1 800,트랙 토이,RWD,온로드,741 743 641,362hp,614kg,2.2G,PI를 한계까지 깎아봄,의뢰받아서 한 튜닝인데 역대급 깎아버린듯,뒤타이어 인치업이 생각보다 PI 쌀먹하기 좋은가?,2026-06-13,,1:19.475,
genf14-a700,HSV,Gen-F GTS 2014,A 700,모던 머슬,RWD,온로드,139 183 976,764hp,1494kg,1.8G,엔진 좀 좋은 거 넣어보고 밸런스 맞춰보고 했는데 왜 좋지?,그냥 변태적인 머슬카를 하나 만들려 했는데 왠지 모르게 좋은 게 나와버림,바이퍼 V10 스왑,2026-06-12,,1:29.682,
vipergts13-a700,SRT,Viper GTS 2013,A 700,모던 머슬,RWD,페스티벌 시즌 숙제,410 433 483,653hp,1462kg,1.7G,시즌 페스티벌 용 다운그레이드 특이튜닝,모던 머슬 A700 / S1 다운그레이드,오프로드 타이어,2026-06-11,,1:32.501,
fairladyz94-a700,Nissan,Fairlady Z Version S Twin Turbo 1994,A 700,레트로 스포츠카,RWD,온로드,461 057 974,604hp,1272kg,1.7G,지이이이익선,완간 미드나이트 컨셉 튜닝,엔진 풀업 / 생각보다 안 좋은 타이어인데 그립은 나옴,2026-06-11,,,
300065-C500,Austin-Healey,3000 MKIII 1965,C 500,클래식 스포츠카,RWD,페스티벌 시즌 숙제,181 616 339,230hp,956kg,1.2G,좋은 브레이크 / 안 좋은 그립 / PI 대비 좋은 엔진,C500 클래식 스포츠카,그립은 에어로로 누르고 엔진에 집중,2026-06-11,,1:50.605,
integra01-b700,Acura,Integra Type R 2001,B 600,레트로 핫 해치,FWD,온로드,154 861 966,298hp,1026kg,1.6G,시빅 잡아보려고 어떻게든 영혼 비틀기로 깎아봄,진짜 B클에선 FF가 더 좋은건가? / VTEC은 신이다,그냥 별 거 없음 / 해야할 개조를 했을 뿐,2026-06-11,,1:36.812,
370z19-a700,Nissan,370Z Nismo 2019,A 700,모던 스포츠카,RWD,페스티벌 시즌 숙제,337 506 678,554hp,1223kg,1.7G,시즌 페스티벌 일본 A700 드리프트,시즌 페스티벌 드리프트 ,그냥 드리프트용,2026-06-11,,,
f45019-b600,Ford,Super Duty F-450 DRW Platinum 2020,B 600,픽업 및 4*4,4WD,오프로드,107 167 805,850hp,3192kg,1.4G,겁나 크고요 길고요 무거워요 근데 민첩해요,시즌용 오프로드,그냥 극강의 오프로드 튜닝,2026-06-11,,,1:00.444
458italia09-S1800,Ferrari,458 Italia 2009,S1 800,모던 슈퍼카,RWD,온로드,418 922 909,571hp,1190kg,2.0G,조금 느리지만 느낌은 좋음,순정(purist)튜닝 ,경량화/ 세미 슬릭,2026-06-11,,1:25.014,
f-25019-A700,Deberti,Ford Super Duty F-250 2019,A 700,언리미티드 오프로드,4WD,오프로드,163 861 449,1279hp,2366kg,1.4G,오프로드 쪽에 뭔가 깨달음을 얻은 걸 토대로 만듬,언리미티드 오프로드에 마음에 드는 게 없어서 새로 제작,7.2L V8 Racing / 최대한 편한 그립을 추구,2026-06-10,,,0:57.437
Limo13-B600,Cadillac,XTS Limousine 2013,B 600,모던 슈퍼 세단,4WD,온로드,143 271 425,555hp,2009kg,1.4G,온로드에서 쓸 ㅈㄴ 길쭉한 바리케이드,그 리무진이 B클래스로 내려옴 / 급하면 오프로드로 던져도됨,4륜박고 7리터 V8 넣어버림 / 오프로드 타이어는 덤,2026-06-10,,1:41.491,
civiccrxmugen84-b600,Honda,Civic CRX Mugen 1984,B 600,레트로 스포츠카,FWD,온로드,150 360 336,228hp,690kg,1.4G,B까지는 FF가 좋은듯,아주 잘 돌아가는 FF/ 1.6L VVT 스왑/ RPM 끝까지 돌려야함,초경량 전륜,2026-06-09,,1:39.074,
gtblackwelcome20-R998,Mercedes-AMG,GT Black Series '환영팩' 2020,R 998,트랙 토이,RWD,온로드,133 167 227,1086hp,858kg,2.9G, 1.6L V6-T 스왑,언세이프티카/ 세이프티카에 F1 파워유닛 꾸겨넣기,재미로 타세요,2026-06-09,,,
minicab90-B600,Mitsubishi,#269 A.T.K the Clock Racing Minicab T.A 1990,B 600,트랙 토이,RWD,온로드,358 307 701,139hp,610kg,2.7G,그냥 TA 트럭을 B클로 던짐,토오게용 양심 내다버린 세팅,엔진 쪽만 출력 올렸음,2026-06-09,,,
carreragt03-S1800,Porsche,Carrera GT 2003,S1 800,레트로 슈퍼카,RWD,온로드,465 488 625,733hp,1337kg,2.1G,그 멋진 소리를 즐기고 싶은 걸 최대한 살림,리어 포르자윙 장착이긴한데 별로 티 안남/ 배기음 볼륨 20퍼만 키워주면 안될까 플그야,순정엔진/ 스포츠 타이어/ 경량화 / 배기는 배기음 달라져서 튜닝 안 함,2026-06-09,,1:23.331,
gtblackwelcome20-S2900,Mercedes-AMG,GT Black Series '환영팩' 2020,S2 900,트랙 토이,RWD,온로드,172 447 995,741hp,1005kg,2.6G,5때랑은 차가 완전 딴판인데,세이프티카/ 재밌음,순정엔진/ 경량화/ 세미슬릭,2026-06-09,,1:15.407,
Golfmk610-B600,Volkswagen,Golf R 2010,B 600,슈퍼 핫 해치,4WD,온로드,103 634 074,303hp,1168kg,1.5G,B클래스 로드용 평범한 골프,리메이크된 골프,구동배분 앞쪽을 60%로 밀음/코너 탈출이 좋은 편,2026-06-09,1:02.549,1:40.165,
taxi17-C500,Toyota,JPN Taxi 2017,C 500,대중 국산차,FWD,온로드,107 705 708,203hp,1129kg,1.4G,아니 이게 은근히 좋다니까요? CVT에 하이브리드가?,엔진 달린 엘레베이터 감속기,CVT라는 아주 멋진 게 달림,2026-06-08,,1:50.272,
countachlp500088-A700,Lamborghini,Countach LP5000 QV 1988,A 700,레트로 슈퍼카,RWD,온로드,756 257 316,490hp,1157kg,1.7G,주행감이 마치 배타는것 같음,순정(purist)튜닝/ 차마 쿤타치에 에어로킷은 못달겠다,이거에 견인고리를 다는건 범죄야,2026-06-08,,1:32.784,
roma20-S1800-1,Ferrari,Roma 2020,S1 800,슈퍼 GT,RWD,온로드,269 294 066,766hp,1385kg,2.1G,감성은 모르겠고 최대로 튜닝,6.0L V12 스왑/ 에어로장착/ 사륜처럼 돌아가는 후륜,안티롤바/댐핑 모두 앞쪽을 매우 단단하게 세팅,2026-06-08,,1:23.073,
roma20-S1800,Ferrari,Roma 2020,S1 800,슈퍼 GT,RWD,온로드,707 288 065,659hp,1368kg,1.9G,로마 배기음 생각보다 좋은데,순정(Purist)튜닝/배기음이 좋음,세미 슬릭/ 순정 엔진,2026-06-08,,1:26.747,
911turboS23-S1800-1,Porsche,911 Turbo S 2023,S1 800,모던 슈퍼카,4WD,온로드,274 752 576,664hp,1268kg,2.0G,리바운드랑 범프를 강하게 줘야 느낌이 좋음,약간의 언더스티어/ MAXTON 에어로,순정엔진/ 드리프트 타이어,2026-06-07,,1:24.020,
911GT304-A700-1,Porsche,911 GT3 2004,A 700,레트로 슈퍼카,RWD,온로드,155 885 168,413hp,1216kg,1.9G,언더를 줄이기 위해 금단의 영역에 손을 댐,리모델링 완료 / 전반적으로 언더는 줄었는데 브레이킹 너무 깊게 하면 뒤가 미끄러질 수 있음 / 젖은노면 특히 주의,드리프트 타이어 / 프런트윙,2026-06-07,,1:32.499,
exige18-S1800,Lotus,Exige Cup 430 2018,S1 800,트랙 토이,RWD,온로드,279 733 791,628hp,1012kg,2.2G,그냥 빠른 놈 만들자 라는 마인드로 탄생,ㄹㅇ 단단한 타임어택형 세팅 / 연석 함부로 밟지 마세요 / 몸싸움 절대 금지 / 728 924 620은 안정형 세팅입니다. 도망가려면 이쪽으로,랠리 타이어 / 에어로 / 엔진 PD로 스왑,2026-06-06,,1:20.415,
lfa10-S1800,Lexus,LFA 2010,S1 800,모던 슈퍼카,RWD,온로드,304682008,670hp,1200kg,2.0G,원본 유지,자연흡기 감성/ 마실용 차,세미슬릭,2026-06-05,,1:24.667,
fc90-B600,Mazda,Savanna RX-7 1990,B 600,레트로 스포츠카,RWD,온로드,105101048,351hp,1397kg,1.5G,생각보다 묵직하고 재밌고 헤어핀 브레이킹 주의,이니셜D 컨셉튜닝,성능보단 낭만이지,2026-06-05,,1:40.030,
488gtb15-S1800,Ferrari,488 GTB 2015,S1 800,모던 슈퍼카,RWD,온로드,811464174,668hp,1254kg,2.1G,페라리 튜닝 힘드네,에어로킷 장착/  잘 돌아가긴 하는데 실수하면 스핀,드리프트 타이어/ 경량화,2026-06-05,,1:24.665,
mustangshelbygt50013-A700,Ford,Mustang Shelby GT500 2013,A 700,모던 머슬,RWD,온로드,125388211,694hp,1389kg,1.6G,그래 머슬카인데 코너링좀 못하면 뭐 어때,확실한 아메리칸 머슬카/ 무겁고 힘쌔고 뚱뚱함,순정 외형을 유지,2026-06-04,,1:33.100,
arx18-S1800,Subaru,WRX STI ARX Supercar 2018,S1 800,랠리 몬스터,4WD,페스티벌 시즌 숙제,165034426,787hp,1284kg,1.9G,스턴트 한번에 해결하고 싶어서 만들었음,페스티벌 시즌 튜닝 S1 800 일본 / 스턴트 3종 올인원 / 획득처:로켓 발사대쪽 팔찌 이벤트 클리어,랠리 타이어 / 개쩌는 엔진 / 다운포스,2026-06-04,,,
supra98-B600,Toyota,Supra RZ 1998,B 600,레트로 스포츠카,RWD,온로드,544637989,342hp,1194kg,1.5G,Purist 튜닝,하중이동 안하면 언더스티어,iS tHAt a SuPRaAa?,2026-06-03,,1:40.654,
maloo14-A700,HSV,Limited Edition Gen-F GTS Maloo 2014,A 700,유틸리티 히어로,4WD,혼합,875851114,650hp,1562kg,1.5G,그냥 마음에 안 들면 밀어버리려고 만듬,당신 앞에 있는 성가신 무언가가 있다면 편하게 밀어버리세요,캥거루 범퍼 / 4륜 ,2026-06-03,,1:32.930,0:57.915
reliant72-C500,Reliant,Supervan III 1972,C 500,유틸리티 히어로,4WD,오프로드,629489550,225hp,431kg,1.4G,진짜 그지같은 거 만져본다고 만진건데 이게 왜 좋음?,진짜 이게 왜 안 넘어짐?,모터바이크 엔진 / 3륜구동 / 오프로드 타이어 / 에어로 풀 세트,2026-06-03,,,1:02.837
corvettez0602-A700,Chevrolet,Corvette Z06 2002,A 700,레트로 머슬,RWD,온로드,542120655,481hp,1198kg,1.8G,마실용 머슬카,리어윙 장착/ 다운쉬프트 주의 기어비 박살나 있음,정변위 슈퍼차저 장착,2026-06-02,,1:32.662,
sportquaS186-S1800-2,Audi,#2 Audi Sport quattro S1 1986,S1 800,랠리 몬스터,4WD,혼합,166912977,695hp,1114kg,1.9G,왜 램프를 달면 PI가 올라가는건데,헤드램프 발 Pi 상승으로 인한 엔진 디튠/ 낭만은 있네,야간용 램프 추가,2026-06-02,,,
mustangboss69-B600,Ford,Mustang Boss 302 1969,B 600,클래식 머슬,RWD,온로드,174665713,373hp,1201kg,1.6G,존윅 다시보고 뽕차서 만듬,땅에 잘 붙어있는 머스탱,리어 덕테일 장착/ 빈티지 레이스 타이어/ 순정엔진,2026-06-02,,1:41.120,
sportquaS186-S1800-1,Audi,#2 Audi Sport quattro S1 1986,S1 800,랠리 몬스터,4WD,혼합,272525763,712hp,1099kg,1.9G,그룹B 차량 외관 유지,원본 에어로킷 유지,더 낮은 드래그,2026-06-02,,,0:56.784
f45019-a700,Ford,Super Duty F-450 DRW Platinum 2020,A 700,픽업 및 4*4,4WD,오프로드,832 773 626,1183hp,2646kg,1.4G,겁나 크고요 길고요 무거워요 근데 민첩해요,진짜 이게 왜 좋은가 싶은 오프로드 머신,그냥 극강의 오프로드 튜닝,2026-06-01,,,0:55.694
m503-A700,BMW,M5 2003,A 700,레트로 슈퍼 세단,RWD,온로드,127167673,505hp,1335kg,1.6G,빠른건 모르겠고 차가 이쁘다,"순정외형, 순정엔진 (Purist) 튜닝",경량화/ 드리프트 타이어,2026-05-31,,1:34.749,
stagea97-A700,Nissan,Stagea RS FOUR V 1997,A 700,레트로 슈퍼 세단,4WD,혼합,160923992,516hp,1282kg,1.7G,R34 앞머리를 씌운 슈퍼 웨건,진짜 무식하게 빠른 슈퍼 웨건 / 특히 오프로드,하이캠 / 오프로드 타이어,2026-05-30,,1:32.254,0:57.304
van422-S2900,Ford,Supervan 4 2022,S2 900,익스트림 트랙토이,4WD,온로드,715508872,1878hp,1972kg,2.0G,R에서 S2로 내림,진짜 개 무거운 트랙토이를 가장한 무언가인데 그냥 장난감 용도,세미슬릭 타이어,2026-05-30,,1:17.947,
812sufa17-S1800,Ferrari,812 Superfast 2017,S1 800,슈퍼 GT,RWD,온로드,966235645,788hp,1342kg,2.1G,왜 페라리들은 하나같이 뒤쪽 서스펜션이 미친듯이 단단한걸까,에어로킷 장착/ 순정엔진/ 묘하게 오버스티어 성향이 있음,경량화/ 드리프트 타이어,2026-05-30,,1:24.763,
corvettecoupe20-S1800,Chevrolet,Corvette Stingray Coupe 2020,S1 800,모던 슈퍼카,RWD,온로드,818489640,782hp,1250kg,2.1G,얘는 새로운 느낌이라 연구 좀 더 해봐야할듯,6.2L V8 DSC 스왑/ 슈퍼차저 소리가 인상적,경량화 /드리프트 타이어,2026-05-30,,1:24.462,
rs320-S1800,Audi,RS 3 Sedan 2020,S1 800,모던 슈퍼 세단,4WD,혼합,183732598,858hp,1398kg,1.7G,의뢰받아서 만든 드리프트 튜닝,스턴트 드리프트 / 온오프로드 혼합 / 본인 이걸로 드리프트 다 깸,4륜 / 순정 타이어 / 9대1,2026-05-30,,,
deltas4-A700,Lancia,Delta S4 1986,A 700,레트로 랠리,4WD,혼합,178337333,389hp,965kg,1.8G,왜 이렇게 느린지 모르겠음,낭만 빼면 시체인 튜닝,S1 튜닝에서 엔진 디튠,2026-05-29,,,1:00.884
xclass18-A700,Mercedes-Benz,X-Class 2018,A 700,픽업 및 4*4,4WD,오프로드,123925142,975hp,1648kg,1.4G,경량화 함,오프로드용 튜닝,바디킷 적용,2026-05-29,,,0:58.167
sportquaS186-S1800,Audi,#2 Audi Sport quattro S1 1986,S1 800,랠리 몬스터,4WD,혼합,130337191,712hp,1105kg,2.0G,낭만인줄 알았는데 성능이었다,파이크스 피크 힐 클라임 튜닝/ 접지력 좋음/ 브레이크 좋음,뒤쪽 타이어 맥시멈/ 그 시절에 6단 PDK는 좀 신기하네,2026-05-29,,1:23.779,0:56.675
deltas4-S1800,Lancia,Delta S4 1986,S1 800,레트로 랠리,4WD,혼합,503202838,634hp,969kg,1.8G,이건 진짜 낭만만 있다,낭만의 그룹B 튜닝,뒤쪽 타이어 맥시멈,2026-05-29,,1:26.242,0:58.173
evo906-A700,Mitsubishi,Lancer Evolution IX MR 2006,A 700,모던 랠리,4WD,오프로드,186656355,541hp,1279kg,1.6G,오프로드용이긴 한데 온로드도 기존 세팅보다 빨라짐(?),랜서가 또 생겨가지고 이번엔 작정하고 오프로드로 던짐,진짜 랠리 느낌이라 이번엔 범퍼에 라이트바까지 추가,2026-05-28,0:57.838,1:33.733,0:58.489
911gt321-S1800,Porsche,911 GT3 2021,S1 800,트랙 토이,RWD,온로드,820807654,570hp,1280kg,2.1G,경량화/ 드리프트 타이어,다른 911이랑 비슷한 느낌으로 해볼려 했는데 차가 너무 무거움,이게 왜 트랙토이임?,2026-05-28,,1:24.439,
yaris21-B600,Toyota,GR Yaris 2021,B 600,모던 랠리,4WD,혼합,736293437,257hp,1158kg,1.8G,코너만 좋고 직선이 느림,와이드바디 랠리 / 하이브리드이긴 한데 오프로드 쪽에 좀 더 특화,오프로드/와이드바디,2026-05-28,,,1:01.660
legacy90-B600,Subaru,Legacy RS 1990,B 600,레트로 랠리,4WD,오프로드,910641485,299hp,1079kg,1.5G,오프로드를 씹어먹으면서 온로드도 어느정도 대응되는 녀석,B클래스 오프로드 / 랠리 전용 튜닝인데 온로드도 은근 ㄱㅊ,오프로드 타이어/5대5,2026-05-28,,1:42.648,1:02.393
i2021-S1800,Hyundai,I20 N 2021,S1 800,핫 해치,4WD,혼합,538158993,430hp,1089kg,2.0G,그냥 움직임도 WRC임,WRC 컨셉으로 그냥 미친 놈 만듬 / 랠리,순정엔진 풀업/랠리타이어/4륜/앞6뒤4,2026-05-28,,1:25.817,0:57.019
az193-D400,Autozam,AZ-1 1993,D 400,대중 국산차,RWD,페스티벌 시즌 숙제,104267754,69hp,633kg,1.3G,페스티벌 시즌 튜닝,핸들링 위주의 민첩한 느낌 / MR이라 뒤가 살짝 흐름,생각보다 기록 준수함,2026-05-28,,,
duce18-S1800,Ferrari,Portofino 2018,S1 800,슈퍼 GT,4WD,온로드,105324142 /데칼 110732455,1036hp,1763kg,1.6G,루체인지 두체인지 병신같은차 따라 만듬/ 1.7톤으로 2.2톤의 주행감을 구현함,페라리 특제 전자렌지 탄생 기념 / 레전드섬 서킷 기록 1분46초,루체 가격이 55만 유로인 게 말이 되냐?,2026-05-28,,,
911carreraRS73-B600,Porsche,911 Carrera RS 1973,B 600,희귀 클래식,RWD,온로드,115342717,293hp,993kg,1.4G,클래식한게 맛있지,순정 외형 유지 감성 튜닝/ 재미있게 타고 다닐 수 있음,경량화/ 스트리트 타이어,2026-05-28,,1:41.481,
tomica-A700,Nissan,#11 Tomica Skyline Turbo Super Silhouette 1983,S1 800,레트로 레이서,RWD,온로드,456393562,562hp,928kg,2.3G,상당히 독특할 수도 있음,앞에 레트로가 붙으면 반은 먹고 들어간다,순정엔진 / 드리프트 타이어,2026-05-27,,1:21.458,
fd3s-A700-1,Mazda,RX-7 Type R 1992,A 700,레트로 스포츠카,RWD,온로드,118628850,353hp,1055kg,2.0G,그냥 FD 얼굴을 보기 싫어서 만듬,나 FD 아니다 / 그냥 타임어택 사양 느낌,바디킷 끼워서 얼굴 갈아버리고 엔진도 터보 빼버리고 타이어는 로드 타이어로 끼운 다음 파워만 더 줌,2026-05-27,,1:30.182,
chaser97,Toyota,Chaser 2.5 Tourer V 1997,A 700,레트로 슈퍼 세단,RWD,온로드,113068804,479hp,1196kg,1.7G,이게 왜 민첩하게 움직이나 싶은 그런 차량,VIP 튜닝 느낌으로 짜세까지 잡아놓음,랠리 타이어/바디킷/간지나는 TRD 리어윙,2026-05-27,,1:33.262,
charday-A700,Dodge,Charger Daytona HEMI 1969,A 700,클래식 머슬,RWD,온로드,156962244,550hp,1358kg,1.7G,기존 서스 이론을 탈피한 조건부 서스 이론을 새롭게 적용해봄,새로운 서스 이론 적용 차량,ARB 쪽에 변화가 있었는데 상당히 잘 먹은 듯?,2026-05-26,0:58.953,1:33.069,
911gt312-S1800,Porsche,911 GT3 RS 4.0 2012,S1 800,트랙 토이,RWD,온로드,140577494,626hp,1247kg,2.2G,자연흡기 감성 풀충전과 마치 60년대로 돌아간 듯한 안정성의 콜라보,진짜 수정하는데 성공했는데 / 제가 튜닝한 것 중에서 자기 성격 제일 확실한 놈입니다 엄중하게 경고합니다 함부로 이 차에 발을 들이지 마시고 엑셀을 밟을 수록 안 미끄러지는 걸 이해하시는 분만 탑승해주시기 바랍니다,필자 최애픽1 / 상당히 독특한 세팅값과 주행질감 / 운전하는데 주의,2026-05-26,0:52.104,1:22.122,
ae86-C500,Toyota,Sprinter Trueno GT Apex 1985,C 500,레트로 스포츠카,RWD,온로드,275140014,150hp,780kg,1.3G,진짜 그냥 다운힐을 어떻게 더 빨리 깎을 수 있을까 생각해서 만듬,진짜 토오게 배틀 때리려고 작정하고 만듬 / 최속 매우낮음,최고속도 고작 180,2026-05-26,1:07.807,1:50.304,
slc4320-A700,Mercedes-AMG,SLC 43 Final Edition 2020,A 700,모던 스포츠카,RWD,온로드,105229838,525hp,1430kg,1.8G,컨셉 같은거 없는데,6.2L V8 스왑,잘 모르겠다,2026-05-26,,1:34.278,
s200003-A700-1,Honda,S2000 2003,A 700,모던 스포츠카,RWD,온로드,117867718,423hp,1048kg,1.9G,고RPM 유지해도 휠스핀 덜남/타기 편해짐,이전 튜닝에서 엔진 디튠/ 타이어 업글,슈퍼차저/세미슬릭/경량화,2026-05-26,,1:32.594,
s200003-A700,Honda,S2000 2003,A 700,모던 스포츠카,RWD,온로드,172364616,521hp,1058kg,1.8G,고RPM 사용시 과도한 부스트로 인한 미끄러짐 발생,고RPM 사용시 휠스핀 주의,슈퍼차저 테스트,2026-05-26,,1:33.890,
488pista19-S1800-1,Ferrari,488 Pista 2019,S1 800,트랙 토이,RWD,온로드,518046153,760hp,1251kg,2.1G,좀 더 쓰기 편함,이전 튜닝 수정판/ 좀더 민첩함,드리프트 타이어/ 경량화,2026-05-26,,1:23.540,
fd3s-A700,Mazda,RX-7 Type R 1992,A 700,레트로 스포츠카,RWD,온로드,862311744,335hp,1063kg,1.8G,그냥 무난한 로드카,의뢰받아서 한 튜닝,드리프트 타이어 중심으로 한 최대한 선형적인 출력그래프,2026-05-26,,1:32.777,
beat91-B600,Honda,Beat 1991,B 600,대중 국산차,RWD,온로드,787604152,134hp,665kg,2.0G,핸들링 우선 튜닝,새로 수정된 new 버전/뒤가 털리던 문제를 해결했습니다,핸들링 위주라서 직선은 좀 느림/경차 기준 지켰음,2026-05-25,1:01.043,1:40.156,
is200-A700,Toyota,Altezza RS200 Z Edition 1999,A 700,레트로 슈퍼 세단,RWD,온로드,361202382,365hp,1078kg,1.7G,집에있는 핫휠 블러바드랑 똑같이 만드려고 만든건데 진짜 빨라버림,숨겨진 JDM의 진국,뭐 한 거 없음 그냥 무난한 튜닝값임,2026-05-25,,1:32.914,
gr86-A700,Toyota,GR86 2022,A 700,모던 스포츠카,RWD,온로드,520202721,330hp,1047kg,2.1G,그냥 최대한 뇌빼고 타기 좋은 차를 만들려고 노력함,약간 타임어택 사양을 억지로 공도용으로 개조한 거 같은 느낌인데 좋음,와이드바디킷/세미슬릭/리어윙이라는 ㄹㅇ 타임어택용 같음,2026-05-24,0:56.571,1:31.573,
sabre-S2900,Mclaren,Sabre 2021,S2 900,하이퍼카,RWD,온로드,102471374,1216hp,1394kg,2.2G,그냥 올라운더를 추구한 하이웨이 러너,하이퍼카가 필요해서 만들긴 했는데...,솔직히 뭐 손댔다고 한 게 거의 없음,2026-05-24,0:49.960,1:19.262,
taxi05-B600,Toyota,Crown Super Deluxe Taxi 2005,B 600,레트로 슈퍼 세단,RWD,온로드,130598319,230hp,1113kg,1.5G,그냥 택시 탈 게 필요해서 만들었는데요,아니 이걸로 오픈 뛰었는데 왜 란에보 제치고 1등함?,엔진도 순정에 에어로도 없고 택시에요 그냥,2026-05-23,1:04.543,1:44.509,
nomad16-A700,Ariel,Nomad 2016,A 700,언리미티드 버기,4WD,오프로드,936679097,358hp,693kg,1.5G,오프로드용 버기,오프로드 차가 없어서 만들었음 - 수정완료,눈길은 좀 약한듯/특히 빙판길,2026-05-23,,,0:59.277
gr86-B600,Toyota,GR86 2022,B 600,모던 스포츠카,RWD,온로드,345972251,242hp,1065kg,1.9G,큰 다운포스에는 큰 공기저항이 따른다,서킷용 다운포스 튜닝/뇌 빼고 풀악셀 밟기 세팅,최고속도 무려 200km/h 언저리,2026-05-22,,1:39.505,
mr2sc89-B600,Toyota,MR2 SC 1989,B 600,레트로 스포츠카,RWD,온로드,453825168,278hp,969kg,1.5G,그냥 무난한 튜닝,2리터VVT 스왑/자연흡기,적을게 없는데,2026-05-22,,1:41.526,
296gtb22-S1800,Ferrari,296 GTB 2022,S1 800,모던 슈퍼카,RWD,온로드,183949845,848hp,1492kg,2.1G,에어로 조금만 건드려도 밸런스가 깨짐,페스티벌 숨바꼭질 보상/ 적당히 쓸만한 튜닝,에어로/ 드리프트 타이어,2026-05-22,,1:23.713,
718gt4rs22-S1800,Porsche,718 Cayman GT4 RS 2022,S1 800,트랙 토이,RWD,온로드,115621396,635hp,1164kg,2.1G,GT3도 만들었으니 GT4도 만듬,GT3 만큼 빠른 GT4/ 가속이 매우 시원함,4.0 F6 자연흡기 스왑/경량화/드리프트 타이어,2026-05-22,,1:22.521,
911carreras19-S1800,Porsche,911 Carrera S 2019,S1 800,모던 스포츠카,RWD,온로드,616169315,695hp,1178kg,2.1G,911에 윙달면 GT3 아님? 이라는 멍청하고도 남자라면 못 참는 생각에서 출발,테무 911 GT3,4.0 F6 스왑 / 경량화/에어로/엔진스왑/드리프트 타이어,2026-05-22,,1:23.299,
acty94-A700,Honda,Acty 1994,A 700,대중 국산차,RWD,온로드,165046120,569hp,770kg,1.5G,스턴트 드리프트용으로 제작했음. 일단 하코네 기준으로 잡음,"드리프트 튜닝 없어서 만듬 / 하코네에서 351,000점 찍었음(튜닝 본인 조작)",1.1L V4 오토바이 엔진 스왑,2026-05-22,,,
718gts18-A700-1,Porsche,718 Cayman GTS 2018,A 700,모던 스포츠카,RWD,온로드,346102458,401hp,1286kg,1.9G,뉴비 친화적/ 전자상가 서킷 특화,브레이크/코너링 강화,MR이 좋긴 하다,2026-05-21,,1:33.642,
diablosv97-A700,Lamborghini,Diablo SV 1997,A 700,레트로 슈퍼카,RWD,온로드,631496266,578hp,1270kg,1.8G,200kg 다이어트,MR다운 안정감/가속,MR 공식대로 하니깐 무난무난,2026-05-21,,1:32.830,
r34-B600,Nissan,Skyline GT-R V spec II 2000,B 600,레트로 스포츠카,4WD,온로드,129845807,285hp,1527kg,1.4G,B클 감성 로드 4륜,GT-R 감성튜닝/느림,차가 너무 무거워,2026-05-21,,1:42.762,
m2coupe20-A700,BMW,M2 Competition Coupé 2020,A 700,모던 슈퍼 세단,RWD,온로드,768514673,522hp,1358kg,1.9G,뉴트럴 스티어 하고 싶었음 튜닝,공짜 슈퍼 세단/ 저속에서 스로틀 조작 주의,저속 오버는 어캐 해야하냐,2026-05-21,,1:33.369,
civic97-C500,Honda,Civic Type R 1997,C 500,레트로 핫 해치,FWD,페스티벌 시즌 숙제,113931104,220hp,895kg,1.3G,코너링 살리면서 후륜을 나름 잡으려 한건데,뒤쪽 미끄러짐은 엑셀 컨트롤로 잡아야함,아마 나중에 수정한다면 뒤쪽 리바운드나 ARB를 손댈 것,2026-05-21,,,
rs713-A700,Audi,RS 7 Sportback 2013,A 700,모던 슈퍼 세단,4WD,페스티벌 시즌 숙제,135416805,575hp,1518kg,1.7G,초보자가 쉽게 탈 수 있게 만듬,4륜은 그냥 안정성이 전부임,근데 초보자가 진짜 쉽게 탈 수 있음,2026-05-21,0:57.785,,
m2coupe20-A700-1,BMW,M2 Competition Coupé 2020,A 700,모던 슈퍼 세단,RWD,페스티벌 시즌 숙제,922387422,463hp,1328kg,1.8G,최대한 코너링을 살리면서 뒤 타이어 그립을 챙김,후륜은 뒤타이어에 힘을 얼마나 밀어넣냐가 중요함,근데 얘 타이어가 허벌인거냐 차가 힘이 좋은거냐...,2026-05-21,,1:33.369,
ek9-B600,Honda,Civic Type R 1997,B 600,레트로 핫 해치,FWD,온로드,606304006,226hp,885kg,1.6G,토도ek9,이니셜D 컨셉 튜닝/핸들링 중심 튜닝,6에서도 시빅의 핸들링은 여전하다,2026-05-21,,1:37.836,
911gt312-S1800-1,Porsche,911 GT3 RS 4.0 2012,S1 800,트랙 토이,RWD,온로드,599703795,765hp,1295kg,2.1G,랠리타이어/경량화,트윈터보의 시원한 가속/적당한 코너링,직선이 길게 있는 길거리 레이싱에선 쓸만 할 것 같음,2026-05-20,,1:25.417,
m308-A700,BMW,M3 2008,A 700,모던 슈퍼 세단,RWD,온로드,912362386,511hp,1295kg,1.8G,평타 치는 슈퍼세단,리어윙/랠리타이어,저속 헤어핀 오버스티어 주의,2026-05-20,,1:34.653,
elise97-S1800,Lotus,Elise GT1 1997,S1 800,레트로 슈퍼카,RWD,온로드,741187086,400hp,903kg,2.4G,고작 400마력이라는 게 말이 안된다니까요?,그냥 경량이 깡패임,드리프트 타이어/차 진짜 좋은데/가속 생각보다 답답한 거 같은데 정작 속도계에선 빠름,2026-05-20,0:51.921,1:21.367,
718gts18-A700,Porsche,718 Cayman GTS 2018,A 700,모던 스포츠카,RWD,온로드,281420530,413hp,1289kg,1.9G,드리프트 타이어/경량화,타기 편한 A클 로드카,특이점 없이 무난하게 빠름,2026-05-19,,1:33.165,
Gtprot25-S1800,GR,GT Prototype 2025,S1 800,슈퍼 GT,RWD,온로드,156480355,731hp,1557kg,2.0G,낭만 넘치는 외형,에어로 X/세미슬릭 타이어,오버스티어 성향/그냥저냥 쓸만함,2026-05-19,,1:29.004,
Gtprot25-S1800-1,GR,GT Prototype 2025,S1 800,슈퍼 GT,RWD,온로드,687968554,778hp,1374kg,2.1G,코너 탈출할 때 안 미끄러지고 엑셀 밟기 쉽게 만들었음,최대한 엑셀 밟기 쉬운 차를 추구,랠리 타이어/타이어 특성 상 길을 꽤 넓게 쓸 수 있음,2026-05-19,0:53.171,1:26.344,
911turboS23-S1800,Porsche,911 Turbo S 2023,S1 800,모던 슈퍼카,4WD,온로드,103346519,662hp,1273kg,2.0G,경량 4륜,적당히 타기 쉬운 세팅,랠리 타이어/반응성 좋음,2026-05-19,,1:27.141,
Gtprot25-S1800-2,GR,GT Prototype 2025,S1 800,슈퍼 GT,RWD,온로드,162458103,882hp,1368kg,2.1G,뇌 비우고 만듬,GR GT의 GT3화,드리프트 타이어/에어로 장착/약간의 오버스티어는 감수해야할듯,2026-05-19,,1:27.373,
911turbo3.3-A700-1,Porsche,911 Turbo 3.3 1982,A 700,레트로 슈퍼카,RWD,온로드,466153428,613hp,1071kg,1.5G,블랙버드 컨셉 ,블랙버드 컨셉 튜닝 수정판/ 오버스티어 잡음,안티롤바 조정이 잘 먹힘,2026-05-18,,1:36.300,
F40-A700,Ferrari,F40 1987,A 700,레트로 슈퍼카,RWD,온로드,395628938,478hp,1220kg,1.8G,낭만 페라리,경량화/순정엔진,란에보 따기 힘들다,2026-05-18,,1:34.737,
911gt2rs2018-S1900,Porsche,911 GT2 RS 2018,S1 800,트랙 토이,RWD,온로드,275351686,750hp,1313kg,2.1G,드리프트 타이어 나쁘지 않은듯,안정적인 고속 코너/한계점 이상 주행시 즉시 스핀,드리프트 타이어,2026-05-18,,1:24.555,
102015-R998-2,Ultima,Evolution Coupe 1020 2015,R 998,익스트림 트랙토이,4WD,혼합,153726851,1020hp,846kg,2.3G,겸용이긴 한데 지형 험하면 못 씀,자율주행 이벤트용 / 스턴트용 (겸용),그냥 비행기가 낫겠다 이거,2026-05-18,,,
metro86-S1800,MG,Metro 6R4 1986,S1 800,랠리 몬스터,4WD,혼합,112219566,631hp,1055kg,1.9G,랠리 몬스터 명성은 어디 안 가는듯,이거 진짜 랠리 몬스터 이름값 함,차량이 날라가는 거 같은데 그냥 무지성 엑셀 밟고 있으면 차가 알아서 해주는 ㅈㄴ 씹 테토남들을 위한 자동차,2026-05-17,0:54.152,,0:57.555
102015-R998,Ultima,Evolution Coupe 1020 2015,R 998,익스트림 트랙토이,RWD,온로드,496041481,1020hp,817kg,2.8G,스피드존 미션 깨려고 만들었는데 생각보다 좋은듯,ㄹㅇ 하이퍼카,진짜 쫀쫀하고 후륜이고 빠르고 날라가는 것도 쉬움,2026-05-17,,,
911turbo3.3-A700,Porsche,911 Turbo 3.3 1982,A 700,레트로 슈퍼카,RWD,온로드,151373169,613hp,1071kg,1.5G,완간 블랙버드 튜닝,블랙버드 컨셉 튜닝 치고 좋음/의외로 오버스티어 성향,범프랑 리바운드를 단단하게 줌,2026-05-17,,1:37.879,
police10-A700,Ford,Crown Victoria Police interceptor 2010,A 700,레트로 머슬,RWD,온로드,808879534,564hp,1417kg,1.6G,경찰차,개쩌는 슈퍼차저 사운드,핸들링이 상당히 민첩하게 뽑혔는데 리어 흐르는 거 조심해야함,2026-05-16,0:59.071,1:34.418,
ioniq523-A700,Hyundai,IONIQ 5 N 2023,A 700,스포츠 유틸리티 영웅,4WD,오프로드,179235169,641hp,1713kg,1.6G,오프로드에서 쓰는 SUV,오프로드 코너링 머신,코너링은 좋은데 가속 좀 느리고 브레이크 밟을 때 주의,2026-05-16,,,0:59.424
ioniq523-S2,Hyundai,IONIQ 5 N 2023,S2 900,스포츠 유틸리티 영웅,4WD,오프로드,149 118 795,1893hp,1956kg,1.7G,스턴트 할 때만 쓰세요,자율주행 이벤트용 / 스턴트용 (오프로드),오프로드 주행 시 브레이킹 주의 / 무게 매우 무거운 편,2026-05-16,,,
elise99-A700,Lotus,Elise Series 1 sport 190,A 700,레트로 스포츠카,RWD,온로드,228471318,295hp,603kg,2.0G,힐클라임 왕의 귀환,이전 시리즈보다 더 강해져서 돌아옴,어째 5에서보다 6에서 체감이 더 좋음/개또라이임/드리프트 타이어,2026-05-16,0:56.423,1:29.532,
Limo13-A700,Cadillac,XTS Limousine 2013,A 700,모던 슈퍼 세단,4WD,온로드,176696679,753hp,1984kg,1.5G,온로드에서 쓸 ㅈㄴ 길쭉한 바리케이드,진짜 이번에도 성능픽,바이퍼에 들어가는 V10 스왑한 다음 4륜 박아넣음,2026-05-16,0:58.798,1:33.172,
f15023-B600,Ford,F-150 Raptor R 'Welcome Pack' 2023,B 600,픽업 및 4*4,4WD,오프로드,291811119,700hp,2756kg,1.4G,처음 주는 차량 튜닝,처음 주는 차량이 너무 쓰레기라 사람답게 좀 만듬3,차동장치를 뒤쪽 6으로 밀음/오프로드 특화,2026-05-15,,,1:04.049
evo804-A700,Mitsubishi,Lancer Evolution VIII MR '환영 팩' 2004,A 700,모던 랠리,4WD,혼합,127940087,331hp,1288kg,1.9G,처음 주는 차량 튜닝,만든 사람은 불만인데 타는 사람들은 다 좋다고 하는 괴상한 차 / A클 타임 기준차량,차동장치 5대5 세팅/살짝 리어 날라가긴 하는데 나쁘지 않음,2026-05-15,0:57.787,1:34.802,1:01.375
s1389-C500-1,Nissan,Silvia K's 1989,C 500,레트로 스포츠카,RWD,온로드,143673228,129hp,1121kg,1.4G,처음 주는 차량 튜닝,처음 주는 차량이 너무 쓰레기라 사람답게 좀 만듬 / C클 타임 기준차량,서스펜션 쪽만 만짐/이게 진짜 최선이었냐 플레이그라운드,2026-05-15,1:08.394,,
celica94-C500-1,Toyota,Celica GT-Four ST205 1994,C 500,레트로 랠리,4WD,혼합,153252848,272hp,1390kg,1.3G,처음 주는 차량 튜닝,처음 주는 차량이 너무 쓰레기라 사람답게 좀 만듬2,서스펜션 쪽만 만짐/이게 진짜 최선이었냐 플레이그라운드,2026-05-15,1:08.041,,
civictyper18-A700,Mclaren,600LT Coupé 2018,S1 800,트랙 토이,RWD,온로드,159390255,615hp,1240kg,2.1G,그냥 트랙 토이 하나 만들어보려고 함,도로 안에서만 있으면 좋음,랠리 스프링에 세미슬릭,2026-05-15,0:53.048,,
